"concept_id:ID","name",":LABEL"
"bf8180ce86f097498763e2af5290954bd4cfc342a0c22cc1fa09e1289d78aaa8","methods","Concept"
"28ee5126226295c1218429325cbd4fc30b08ad5619c4483cb73adfbca44f5302","research","Concept"
"8037e6639b6bcdf6a8f9a0e621f22f1255b040549b87cabd0b581e732b8c6db0","creation","Concept"
"d1f8897bb7a031fccd9d1c471e9c0f45f44c5c2cdbae77a6a531b0d281992647","populace","Concept"
"b96cb1c1003e41e5d515745df5e20bb40023f31af694d8c0138f22cc27868b40","document","Concept"
"610cadc7f371ba396376127e84b6b46bfaf5b2e2e7b77f9a29f70e7687f46038","glass","Concept"
"4472c978559c1799242f7417186be36317ec5200c96516dab742e4fe9c88f25b","output","Concept"
"6e9e902a9893036bff8ffc6b506f0dd63ef7ae2f8f944674176daaf95afa6dbc","building element","Concept"
"54803cf097df61916f02c01daf9a41932c61ca6b86866986865ae6443d3f97b6","label","Concept"
"c96ce5b001203d336a3c9089d5c4be0ac7e2fa047a703b51b0976fbbb2c814e3","protocol","Concept"
"50fb66f30f0a9be21359295299c42a033cc8a32ff6b975ea1c26d5520d289d7c","reward","Concept"
"64c005bffcb024cdc86c105182b49940012d59c374e06a5cd070cfec15e17190","website","Concept"
"fb11efb273206cb749a68f919fc03f26fefefde0d9f992073c35f480dd48821e","properties","Concept"
"d1f5477927d6211d64abb91060613ef77be2ea5424f1a20c03fa81dcb80a56e7","climate","Concept"
"51c732d0401315eec6c3a905f27c201045bf708602c4564025d1e24ac1b979be","window design","Concept"
"ece9889873e1801fb952b3cf663cdf40a29285a3f6deaee16b15f444c53aee83","thermal regulation","Concept"
"95e1f968a0e767a6735dd22b9de60c4b7049e4a9014ab9a428b90975b8a6d612","glazing characteristics","Concept"
"c12b4e3e371131e735d30b6636a181ac1292b3816b267c831a588ff8871a6488","product standards","Concept"
"13038d84cdb75537b7d842244484caff196a6303de989c692d1d0d7918eb22e3","perspective","Concept"
"e44a5ad0c7f1163515370b4d005ecfb304b172c6dd915270a50c0f743c1c2566","documents","Concept"
"97c6300039c8adb0d3a9dfa88a21f21aec9d40253d19272d12db29b1aa458ea4","level","Concept"
"42e4280efeefd95ed34a64221ef09b367cb604407698b9688f8e91c0f7dc2501","waste management","Concept"
"cd1554cbfd031d203d7a5fb666faef664d503a48faa6d3ee48b44c366f5aa72f","ranking","Concept"
"2621673aa517daf9f9f43373a62b6f9fd20a51d4fe1707795edc67853d5522af","functions","Concept"
"a92299a06e394b6e9da1792b0285eee054bbeab948174a6e74d07cd696354286","prohibition","Concept"
"f868f2c1c5a67c963503b8b5ce430b97ccc052ca63f0d68a050ef675da866edb","customers","Concept"
"3cb9a506394f7f2c3bb95686414746348ec8a513d5aff75fbc48df0dcfdeac07","enterprise","Concept"
"45a582209c729d74db063a97a5758cfa50951b19962ac8b4be05246b962857f1","legality","Concept"
"dc2c379ba3c8de2502d373c20f487a3ebdf4ead50242910ef27ebc72af4ad361","tests","Concept"
"3bb1dfa36f89bcd8aae960602023eb7b30589c61ad570117e08ff8483de635e9","society","Concept"
"32750898af9ff8f0337fdd0eaa1dd3abe21516f83ccd5662c1f8405b7fedbc42","products","Concept"
"ca7f8179ccbb115dfed69f0553a872b6a8912e814c6b095af7a2f2c216539e17","improvement","Concept"
"1a8ad0926f954908ddae534addfb6b8c9b96ca18a9ef129cc2df01f7e694e3d7","certification material","Concept"
"554688f2b03887f80bf6c46171c1798e13f4566e733993382de978ef1748bff0","adoption","Concept"
"4c3fb82aa96b1048da7e448924a733a596623dc08c213a9c3e7c5749b9e1a2f8","proposals","Concept"
"08b7cea9a2673bbbf9c3185421d041babe28c94d638857317f02d398d7e12576","construction element","Concept"
"095e0c80ef0864b158ba05af3ac9f4cca9218891a619aa30e1f49e156bbbb240","containment","Concept"
"72a61e7d33d0beebe1fe463fcd5d24f8217f1d0b37c4b303ca30b2100fcb982a","termination","Concept"
"c75ddef37d937650fcb33ce5769ba76465cbda7744c026f1af8528e5eafc3012","reduction","Concept"
"e710907825e7210df0cc0f1277ddae296b6ce4051bb76fd919de3f024248e6fc","operation stage","Concept"
"256ce99775d20b31210ccc8b311d18c720299b7cbc138b79d84ceb4ab82a4256","emblem","Concept"
"cf46271e028e4ab201cde71694fece2f7cdff1ff04be20ba95f5bad6187cf728","community","Concept"
"f9cec28cb67258dd8e7cc02f279c549cb3ab4913d7d7be4f859b8f983d402be9","ethics","Concept"
"42ef8419d2c037eff37d16a5682ddb297b29c1a193c360dd82c2954a2ad3043c","gases","Concept"
"4e2c820f3b0100efc6545d4320794bee6f6a743c669974858de4c61547b00d90","partnership","Concept"
"d118bd44eea833dc55f2dbc1f02a07cb60b82f4bb9b2a30c7101420e45a2ece6","branding","Concept"
"0d93e3c76239a14cbe00d542934f25241b62ea43e0641b0beb7d33b4ba9a5013","bonus","Concept"
"1eb2a211daaca4393d27cee477361b486a2a431c5d54e0f3a6e694eb419003e0","design feature","Concept"
"23029bac4b0e88fbc973d215cc5f8e6aba3bbc2ebfbad84786bd365dd5095e50","evaluation site","Concept"
"2c2456b0f322068b02a88af93f84d831d9dbf7c6a5e8fe5c8db0c230088b5da2","term","Concept"
"ae56664ec0435b8776dd5242b1deaaeb45a746be13cb38f63b07792c2a7af24a","groups","Concept"
"ede694c59273e65106c0437f013da3e9a24435e06b123f2c30195727948ae832","oncology","Concept"
"b6e20f191b0df6ac4cd2c3caca85c6628081d8ce3cf99338cb9cb0ce41837925","additive","Concept"
"46c3207f87220d3919f4ec3d613319bfbf6f8f0fe8a5b4edfa1b724a629c0659","delivery","Concept"
"e7643379eb22c4a9c68d2ee8444e78cbd34a8944c9a9f3e1b0f943ac80ab6728","green practices","Concept"
"0523889633c922398c940e10768a83f55657d8f0eeb8d7f4979beaef71176afc","thermal protection","Concept"
"2a8b42bc74086007337e7c9ccf7d29e4d35bc34fc8976f157e4a5ce58164506b","provider","Concept"
"daa0f4ef2cfff6551c8775399dadbe5880bc676b3a5bfc87c5a93d674faa443e","outsourcing","Concept"
"272f96aac6bc2baf4a1797005bc0cffb760ddbb9410a9522c9c1a533862ae246","systems","Concept"
"7c3a89b23a0f3011efe11381b2a212af1446ea4f872bf55bf46927b08247b79d","disappointment","Concept"
"df13d145e488af4e9d9ef97992bc2097e45e7a7abdd8007c2c95461741a5b509","application","Concept"
"39f7aae5b0fe5b811b2b096e2782477c4ef40f8a3116fc39b6fc4bdc77daab7b","buyers","Concept"
"4c3d2aa9c9762c710beafc15582a7f22c94ce0216428fc4fa10fce96ea4e7d35","degradation","Concept"
"6e3c1e2fdfe2eb9f901c5d6efc2262e881faa7bdcaa04d24ee49ab9972801d8e","internet","Concept"
"a2994f4632adedd87fa7ed86847a8c151c1d79749b8688a1f8af36e1dffeff59","metal","Concept"
"1dc46819fad7914b5aeedace4a2eceaf69680b8723d4e63314928783572e6e97","ecology","Concept"
"1e4bc7d43e799a86cbc2ee4128c5c2c2797664d4d76def6bbb4ea390f70597cf","assistance","Concept"
"49e4d06caafa21c306aa92b8f41cd06e13cfd2e3cbf9109f54b6efb59fa6a822","commodities","Concept"
"1805a182645cd64ea9a23a57785cbcebd8ea19044cb4bafd83dbdf1f75f58052","approval","Concept"
"b2cd465805af36f0ea2f14c6f514b9a684ad82cf4088033d0ef647334295428a","accolade","Concept"
"2241369386f9aa59f1692aef77a4c35e45598cde0f7830976c3ab63483f0fee8","hazard","Concept"
"7ccad36c8a60c9c6ac452523b337f30f3a9cc59df41c99fc178831978ddd386a","eco-friendliness","Concept"
"7fbc945f073e513539a1a3824c72c2c11f3ebe180dc50377a9efced7a2f8eb22","architectural components","Concept"
"42cbe7302432d7ada41470797d7a5ae53a500fdd8e4b0c8ba26dfa27d0a18695","table","Concept"
"b74cdef772ecf30f6f1b1a8989b3c4546ef90067be6c79f6dc7dbe73dde1ac7e","listing","Concept"
"2b668f5ed6852bb167d2b57274bc77652af10950311f392eeeeecb9b54c89672","governance","Concept"
"182a92b981080775d5fcddc44088184c87f83f59b7cf3aa31d92b6cc8ef2f908","radiance","Concept"
"0de1e9049b3e030417c1b4a7e759ea3419c77380a37f97d8cf6a0494ea6eaf55","directions","Concept"
"37e67da7f10029e684c1c96929c8434d3c494418113c5dad2fdfd1ed94ccb157","manufacturing","Concept"
"23fe74ee40a616f127093e101a46a06465118fe91a820454c349462256fd7794","heat","Concept"
"4b1c2b60635c71e037d0f7ccaa1d169ed70cd82e541ea418917e61458a6a36c7","creators","Concept"
"87fdc661d481efb00076d4eae0e48493d98359c0deb10c2817f70a04bbc20e2c","complete","Concept"
"1f273783b709f961e88fbc5d28412e686aef37384fad2ebcd4d5da805bdf10d5","deficiency","Concept"
"26b62b5277908f5d0b7b0ec9eca22306644794d842b5d0d70d768d92e841688b","surface properties","Concept"
"b746405b900b067359979174b831aabec0e0e82499eac20fa6e4c14f322a8cc5","energy transfer","Concept"
"6d12b6a8f0c7160104f6167aa3f529c9ec258afdf746c8d2633e68e782744771","global warming potential","Concept"
"77c28b203227e286067a40ecc209bb1ea31d4aa41e577b067278e7e6aa76f315","product line","Concept"
"523d544d0d568c2f5048588407934b4b31bdf1fa67c441770dbce614a360e7ac","markers","Concept"
"017b8c18d08a2bba6ee0d3070cfc32974256e1a4f793f662de01f66cc3eb7abe","brand","Concept"
"3bd62c9ab1da5c4763581a952f0f5767e8c754ae5653ba60782bed06df6bc584","conclusion","Concept"
"4968373783b22df9071d1654f689c68b72075564eb51178f6a5d0727d20d29e5","waste reduction","Concept"
"7d7c5f99c17bcb3e9e1e2c76074d26731af7b8df512d7b7a75c1cb8ccdf049a3","experiment","Concept"
"b8aa2f3b1bc82069630b3296447bf8f4aee5e80d5931fe016e42b4d2fce847fa","certificate","Concept"
"5a629efa09ffdf8af425d93a758e35bcbd63cc062273edae529127bf769935fc","icon","Concept"
"c1c782ebbec05ef42692f0693207ef922fa526e1926a2648516443beea944b00","landscape","Concept"
"e3f9b6e3355b8ad7eb97fc73464f6530c693a54f3de42e57926f87f19b92c0bf","criteria","Concept"
"8aa380745544a54d5d2bde773848006aa5875e9553479e797ecc3643c1daea48","interpretation","Concept"
"3f100abaa6db627083c5945cc98f9684f6639bee8f6e611432a9c194fe387ea1","motivation","Concept"
"fb761aef13369148ab07618bab30d58ded45c3c3fd33c9c587a2c80bb2a995ba","good","Concept"
"55ffe5e72aaee844931e4f61e78fd1c34d6ac489eb1d50aa571460c5db89abbb","independent organization","Concept"
"ce3d00ec8243fbdf32941a3d32ca5e96d58059f40df4a0e5198ce4553b1366fe","sunlight management","Concept"
"4b48fa4cb15f19b6b508cef86732f7bde447c2176e09deca9607bc87c5660f3d","updated","Concept"
"12f5eebf3e3c5a7f8988f3042f4130d4939fbb704f8c48fdcd9501474cd2392b","requirements","Concept"
"b7055a535bf24ea5feac87b43bccce2dc9ef79797b6972230ff1ca7f9b5e279d","laws","Concept"
"da5b66ffd5e1d9f9762d2e820b5ae63d8ed1c7e9cb3ba03286137ad06968cc34","help","Concept"
"a8926dc4328254c840f3ee0f09159c0dc1ca3061ddea80d65ffb16c5ec460ba2","guideline","Concept"
"ab8575e45fd412ce3ff5fea0debfc05dc4561203e002506c0b605f2cfdaad2c0","design","Concept"
"1d8aca33b91af15dd8486337b2dafb86bd8d40ec415f105dff8a3d4ce40517ab","study","Concept"
"38eecadfb32928683829e35e519f7b128842fc275ad6f2a55daf393478319c9d","environmental certification","Concept"
"0e162f7038816bfa33602a15b250f47eccf3a69e16531b6a2fa87ed910d794c6","agent","Concept"
"467953c52550ba4cb7b705355545afaa2c404dd3494ce30a095da5b7fedb01d1","modern","Concept"
"045d0f19fd26fee05c0cc45f7a90a64630cb7b8de7f66a39a03163201d3d8074","hue","Concept"
"ea2bfc15e6cc1d3d02a5928ff79fe39db9a7382cb728149c34669e96f48eb0fa","shading","Concept"
"d3c70ef1bddc341aea72cfa3df7f8886ab78cee51d9f607bd401eb44e5078721","phase","Concept"
"f5bca8565b4f297e32ecb1a55c23de89fb9b5951b48e686f46befe8446d0c9fa","kind","Concept"
"5f0087e2ea1a838e520a3768fe15abecc1614d5565ff52bc4adf4aa4357773a7","lineup","Concept"
"5b26525585c37d313d8bed25efa34d4e869b22b501467348197145214e9d1fe6","facade","Concept"
"0f40735427b8f468a6647850f1be51b51ea6d6e0dc49469fd55276d438f65170","procedures","Concept"
"3fe31f26c027083deca3f793cb1b975986111da8b967ae65714fcbb21314150e","lifecycle","Concept"
"48c1d331bda8287f26d06a155ff09f58248d288b9825e6a84bba857522918985","corporate position","Concept"
"170067f7f79207e6f5aed8f6916a6772ebcf658a92841a56a7339567a683502e","index","Concept"
"1805aa2dd4faaeae816914662ff50679f7e59a6017efcc0489389090ddb7662f","safety glass","Concept"
"62da9b6acf9f9f072f0c5c520396dabfe0ad204125656178f473727a715c981c","sales","Concept"
"f2ac39e9a88f22a758e7188892473da5d377c0633b4e24c8bd09b3768032ec4a","solar energy","Concept"
"7c4c46234a0794aeed7858a77e90b3648eff198437306f5b730de42606a45e7e","individual","Concept"
"5fa3d8cace91bed199ce4633cd6d49d323897008748f26e2faba0351e3983012","precedence","Concept"
"71e9b56fab0be0ba602ed57631706c343111cc355a0b6b0a0f6f24257bba21f9","delegate","Concept"
"71d9c6f7c0fdf648504bbaeca7e654fb572c69799432f84851f367bad013b920","building design","Concept"
"af15fd27a1f42efc4a332084a70a0d8bc27efb6f4a3c9e69a5d546d44c242237","maintenance","Concept"
"dceaf1d8b16c9839bfe98452db64c7c398756f07ade614ce9d96d397e529db9c","packaging standards","Concept"
"6f924a4364c8f9c85fb42cc76364af837ec08f97f6b7a7b0143220af943e9611","agency","Concept"
"b2ae948d1014bc2907c0244d3b10d811b8e9f77c7380b26b8fc00b14027ca028","details","Concept"
"c13c6e794124e01f8c5d7d92b5632caf32a7b9155b2fd7dd91e49167a92367bb","construction elements","Concept"
"9c29311227034143f997c36f6316e1d9fbf3d851c42729b773bd588d803b031d","lifespan","Concept"
"06460f383ef0d9a89e21442ad65a40ff9795cc2ef316ebe4958b4516e5ff684c","transfer","Concept"
"dbd581fdbb85696c1b3307d1e2446255f6dd13867087aee8a8b5d7ce37cb828d","investigation","Concept"
"703123ef81204d554bad89571733095804ac7243388027c50cee266157f18e4b","authentication","Concept"
"4624ddbb524d338c94a39a361aa607161d58239383a8034d0e4099b89dfd8f3f","instruction","Concept"
"a7e1497c516c874caf95e800eef2fa391d449ec7dd6b5ab2354cf18d73c0f44d","candidate","Concept"
"f4174fb065ed74cf838cfe8074ddeca03829541559dc76a3b60888f0f72bf1e7","individuals","Concept"
"7050d2c3bce84ca0660348180cfe418bd2e23c452680b1d96b2490439c90c352","activities","Concept"
"29ff76c48c59809fa581199252a7b5a37daa488110455c9e1e38a8cf69b476e6","guide","Concept"
"4d53ebc171ee24943f8d483c26d732e1f8b6ff4630807fdf0a3fc0cf08057fb1","grading","Concept"
"2189dc5b54e506b97d496fbe0471891dcbafc761f8604305f0ca2efa602bffe4","control","Concept"
"89d1aa6abb7bd66816461d581ebc879e8e410978daf11f6a3ea161fe6aeae404","specification","Concept"
"d1229fe46a59d97a211bdf6f078e120b2128de72d652f4bd163dc96cfa853eeb","strategies","Concept"
"d3893e56a6f6874d0657bafb529615aa02292017f10a47fb86d644522f6a5d6e","industry","Concept"
"fb9551026af9a3fc6a594501196131ffba5612719542b2e9e9216a2989a4c173","benchmark","Concept"
"03adc298aa20a8e5243bc81103d6fbaf44fe55d587cb240b95b0a74578022797","interior design","Concept"
"5260d5f0762ab44ba1abc3d9f6cdd66c9358e29ea9170a7117af633258f46915","certifier","Concept"
"08e948125e2418bb8a4a782a4b3b7359e84a49b100ebbacddb722c8b131c880d","procedure","Concept"
"1faab8329bc27a755c03d45b1efc41a073a870779ce52bee4c12ad74b2be9b84","standards compliance","Concept"
"c25b1131e5ea67ed5c68d8fdebf98c89632fb4dcc87f50813880ce9b9fec91b7","fulfillment","Concept"
"acda77035a31b57edf8c8abd4da07c273809166327ae3a25f34ba30f04dacb61","intermediary","Concept"
"9fc7f099919f189a0711d047d66d3adf1102f63c9c79f6ff359401174c29c94e","measurement","Concept"
"34d0be32c42dd04f5638a4e2d914bb673ed22572b8736214f6fd510e7fbc9f8b","environmental approval","Concept"
"3de505d3e49669743476ed3f589d2f2b67bb207d0c5831ee937948ab94e0d5b5","oversight","Concept"
"85f86537c600d8bdb79b72fc18ecdb638b9ebb2a2fad8fd37f9efa6c66affa6d","symbol","Concept"
"546ac6ee3dc1f330681ba478cead1612b2b179882258252836954c5cdc6d72dd","rating","Concept"
"43e294a224193a02794eb494b2db943dc867d6839ed185544b64756329cf5e2b","glare reduction","Concept"
"7ec5a8b61f15b34c2616e145ac413fef1eab09a3bad5310765703aa083f4f654","institutions","Concept"
"8b6e0a1cecc2e73cad39e603caaef44a30d9dd988866731608f311efae7ac4f7","policy-making","Concept"
"e208840e4f6f25e9e4e0d772bf6e8bec6105672f374eba9628356d4ada04acb8","verification","Concept"
"d260427a88ea781323e31f8254bd1fd90d25c2f7fdece2f1ca42a423b25a4590","adaptation","Concept"
"ca6f552b7acfed35cf7da22df4b493783a54b498794b9e45fe76532ac956590c","management","Concept"
"62091ff1dcd27a35994c098e5aba61cd398632dc1bf00bc990504aa8220ac723","collection","Concept"
"ee0a8ba29c449b08fcef5054e526e47bd981fd2524c5d604cff63a031a4a6dec","factors","Concept"
"2ae59f8de6b2bbb407409d832c42cb7aaf782b0926f48894071a81653a50ae8f","formula","Concept"
"fc86af8d14c9b6b8b4b9031c0094d405b001eaa5d27218098df309ac32f0a1a7","outsider","Concept"
"d99609518ad30e05d60a7a8dc9a8460f650ad3c781477c8a2748a5ba05e13c18","committee","Concept"
"73a29b2945674354fdcf7fb6be0792c54c6a13fb9a4882577d434dcc9a7b3e17","architectural design","Concept"
"44eb7040aa32b7691faf013d0f09e9a72d06e18a52ff6be05749ef39c5d0bf3b","method","Concept"
"d932abba6a6875901dc33659833affe32ea047ad3151a5e92cddeca22349dbaa","specificity","Concept"
"9449a0cacd73cdfbecdd096f00ebb62a26d76bdde7c68f62b35df0e63d9646d5","failure","Concept"
"b49292339d20f568329c4e04af8b3052b837395c944f17b2ae334f5048bb56d2","substances","Concept"
"a74546da7da052864374d54189a4b4b36a61aa2b27370b2be18b4e81b0ba1e5e","quality requirement","Concept"
"f0f5a8b8f08abe8baf8d1194982db6ef97df885e402347bb354c3d3657e2e7c7","competition","Concept"
"52a6e5f61ba09709362264764ca7e31f6c57710bbd6f1c753f8354c9c3a4b5e5","adjustment","Concept"
"e12913a6dd6692d975fbef7a7146b28e6df35e98f0ecaf4b77196b3ebe39cf3f","testing","Concept"
"7521fc50baeb2fd01ed191698549395ccacd9534cab785173f6415a678a483c1","production","Concept"
"f21b8bf7cbf142db5b83af45dec58cdc7c3f3b17d5ef30c33b39cb3f7c931be3","information","Concept"
"31e26ff54b36852a089beec450d8b56bf440e9d6e7cdf7a65a0b60d154bcdf1b","clarification","Concept"
"8218d4e720df13cda9db640f764d60e4e8d7d06d622d6a6b4d1b60408e534c3b","reference","Concept"
"f4116c89873413bf8bffde63b50d2a6ce7f42e76a2660b0e226bb05baa78dc4b","wrapping","Concept"
"1aa70037b514a74004bab904736171a73d8f311e86e55c52e86fbddf001371db","organization","Concept"
"59da8b65ca97a98428b9d7156c0da99ccf707799bc29cb5f35024b2d4e1a5070","series","Concept"
"6a279d0082e2d80161dc181c86422d532b685e29a8dfadbe42d9beae77d5d13f","body","Concept"
"96120dd2a2e71ffca3eff68dffd7e4cb28404080ac8c2edc37d9a2e18faf2527","biosphere","Concept"
"8c01f888657bf803f036bed4c55f6bafedb4e04261d0d0190e07c4e53cf50fd4","chemical","Concept"
"538c554615146097f8626a669a513d1ea00925d0640c89289e37d8da544a2314","commitment","Concept"
"b0ebcc79527cd9cdf1ab50aaa552a1d30d3a1b151134c90dfb0d988e3e3dc514","leadership","Concept"
"b4530e34850963c303114d0201ae1cc893b9e78ada8f93e78c852e535869ec56","facility","Concept"
"e450a8181a9ce750202836779748a30a4c2bbbba507f733e0f77df06cc91b0b7","consent","Concept"
"c24fea58d1b9c01b987f925ec2df5da2058a2342d2345c39651c4a54c30904e3","damage","Concept"
"ad5cd8e70511fcd7c630c328737789b275d3bdd9f87b7e6cf7bbfbc59786ab48","projects","Concept"
"99941545c9e4e390bc7029c78719c0955ae46c9cbfd16193d3f0cadc29a26ddf","model","Concept"
"48748c44973f9190c7b8e49d706c74bf4f1cae092b3b7b0569048eea4fb51345","energy loss","Concept"
"385dde9eeecb7a1918a7c26ebf09e999c1fd0416128b09dd1fe082bc42d539f4","inefficiency","Concept"
"d4152451ef2480868b28f99819f0476a9d07a7eb81bf9b7ec2b69f42093e5c31","strategy","Concept"
"15b3165703cd04718701531bfd91d398360f2f3d6692dc802852bf5f17d15cb1","validation","Concept"
"fff75cffd16db5705f5586a602e9f5889bdc21454e31c33ab73d85310470086d","enhancements","Concept"
"fadc1e6beba8b2b1f57e75149a7c7cf8cd5a0b6c930bb861a6e43b052434580b","safety","Concept"
"0c5b5d288f7fdda8195da1b3113435df06c649d343f48262a50a2070faeb1908","timeframe","Concept"
"7991275cfa40e92ee8431065879e21859223f7c6ec897949277e315d0bc5459a","summary","Concept"
"30e0bc64b110b2ce59d2b1f394e0be99fb86654482abae374c0882a645945b95","customer protection","Concept"
"5e754dbe27c5fdfd14c7975b920ed86123414ac964704a014385b2d4fa6be8e9","assessment methods","Concept"
"e421cc2bbf4d431af62ab013e4470fde15ff561de28691a12859971d6ff4e03c","provision","Concept"
"3caf83328954edba3dbfa00e2fcb9e5be5647514a30b2831ec2435bcf08ea725","text","Concept"
"c121ef1846b7b68d0438c01539571e9df6de31978c88b3cb24cda98564151be0","pollutants","Concept"
"dd0dd8cfeea3d1956b3ce2f948cf6e4d30a262fd906a465680a004cfec0d46e3","research center","Concept"
"9c512ee4bd7f8564eebbf063687f4b5dfd644e2df514a948b18b69adfd03a2df","international entity","Concept"
"03b2d808cac23fbd604668d85b7a8919322b7afbb389b978610b1060a9035736","health risk","Concept"
"1634c784fa153027c547446e46585352adc2b8be709c9aed838409b59700650f","limitation","Concept"
"1487a8ca8334acfc76b11745252d366c161b1cf8dc7224e8153231ab60b1aaf9","building efficiency","Concept"
"37de2bcc725de0bc92e818093f2ff131af3b88ca8c2e19c4fe01580f9d7deb3e","recording","Concept"
"6e50b3cc35153f90b181975996519dffa9e13493bae78ce5f748c67343833a8b","success","Concept"
"c8cd555682cd43f4e19ce67b0ff7edda3a75ec798584f679f4112675311a9af2","chart","Concept"
"6651a9f883fec5314e619d10929cec8cf21d563f2804f1c0a59d4daf1fe5a314","knowledge","Concept"
"d637469ff7bb7a528c38375ecef3e148f7f892db35fc510f26082e0c94430e45","law","Concept"
"dc0666bb6f74d87b6263fadbf1b65fb05aa07548e42ab4b75d2b86209276b0f4","comparison","Concept"
"4ddf495c89d9b03219d950de521f957e644124767763da7ec3e2f981784a56fc","norms","Concept"
"f9238a9a4787bd27d643a6dee5dd6453ab2c4ee16b2b5fa0482262f79de0bef5","status","Concept"
"c37364feef4dd9bbea63374b9f4b8ff32cfe7d545fa039c442712b7bee06d27a","research entity","Concept"
"c382dc5ef0c68867ae46b2449668b21d195c721dfd08812cb0a5739da430024f","environmental factor","Concept"
"0899c2833b14d232503a9b3e2e58fca34a5e3bae77cbbb420a99cd2e23163d0f","interaction","Concept"
"fa0b21e472c83aa45d9dfa50b85b0dc4c1923297b7c72ec7483b106e53b86b9a","cleanliness","Concept"
"902f64ea508886a915d38d86e073f25feb240b119b1015f82a3ccfc0856dadd5","validity","Concept"
"e6d821b7ed8b8f6bf8a2053545d7b77b817f315212cfaddd6b9f820b28f69cfe","resource management","Concept"
"dd37b133e2d1538067bfc0c01ea01de82f36ad7d4736adc4523e73a7fd8dc933","engineering","Concept"
"8265585180fa5682f3e50a386123d13ae4b7a46a3ca2b2f8da28b2799cdbb432","programme","Concept"
"be0baf579ca41540104e9209514479f200219411a88d022007012f520727a0b3","conservation","Concept"
"ec9a8038944b7594405fc77c0afbd4ce8015b776edfbe593ce93fe11a44f7aa6","offering","Concept"
"bdc8992455a27cce2fed9429359ab40b50b806020606766787683651c687c49a","entity","Concept"
"c2d22feff411c8a5384cf49604068660e9f1ced702b0fbd2973f6a81b0203409","regulatory body","Concept"
"a1d8577c62823e4eeff1e32c8e1728eec5cfbe81526fd78e053eb9f2cb4f74e9","component","Concept"
"b7f6479717954f9d78ed6f762073616927ffb7c123be4619124541a11700b3d4","building","Concept"
"518793464c9334d6da4f75b682258e727f692c5f9e5f63208988cb59130f0375","demand","Concept"
"66dc3dedb558ed12491b9fe3235698eefff435c6070f30d657bbe87d5b966af1","impact","Concept"
"861fb7eb7b8c0d9383629f3b0323d6b70ca536a073225360ddb9e184ee901ad7","optimization","Concept"
"06642d557833050e0fb23cb1091ad93aa630e22d803921807f78aaf0feffceb5","toxins","Concept"
"0fc539676bf1ef776c65562ad617d2ee95e80033373dec02b59bb32a25d8da63","reflectance","Concept"
"3179d7285017232bf2e3b42b77a01c8854e6883dd7e96b9a2ce87dbc8d568480","outcomes","Concept"
"e33f6e1fec14e770f57a744d6818b30cf227fc33337ae4d102d3c258fe39d22d","layer","Concept"
"aad3b6af911a14f6e9c913d666ef41b4e481eac54d9a000915da30f30c2d2774","participant","Concept"
"36720b8a0286c87b45ec5e9b15a636ffb2dbcd4119c308270d00ab5e6aeec8f6","visibility","Concept"
"22f3e8ebd30479de2ce55aa3990d904a811f70e3adc1cae58cee7f3623ad057f","risks","Concept"
"99f98bcedb1cb775b2e78f8bab1710c222c363ec89977263c172a592a94c3ce2","testing site","Concept"
"65cacfd49477ee071f8e18493b91100a393be622c6226aa13df2465793cce7e8","finalization","Concept"
"f281c752ca09ca1c7eff01b9c44d7f9ad6410e414dc776fe97e9e48c9c7de1a9","recyclables","Concept"
"ca869d13a8f2c62f7928ce5849c603a249692182221d055f9a8427cc3b1bf8c1","compliance","Concept"
"46ae5f9b25a9517314cd3de103ce2945e4cacbe41501f0586960425acd39cff3","methodology","Concept"
"6a37d6007ef11dadbf70cc15dca482a178f1c4e2f0e63d9967d692dc4a676889","advertising","Concept"
"adecb96e38b5e6c30c6ef250c64474affd2fb36af817e593431b8b5113f57bb3","advantage","Concept"
"72e07ac7bffc5912536bd21c369a3f7ae2d29dc8f539b31e06f319b696ac40d6","power","Concept"
"2ab8e333ea5d3c317b438a2f84dfee86a0ecaae7d5c6fe1921d39f9ac5239ba9","manufacturing standards","Concept"
"b15efdccb1af3fe2723da5fef71afe53e9ce4e9e64fd6fcdd067c63ae66c90c8","eligibility","Concept"
"214fa2034bd4e48587a07e4df872e9a4c6428e7210129a134751e15a7e0c3b08","inputs","Concept"
"a0e56f7207a0c6edfcde583af0418860f25ad42cd546e6808d136fc17eaa49c3","initiatives","Concept"
"4c7e6eb47c20d30b7682d1d4b13c7d95848125d3bbdaf69ad3fbaed4010263fc","evaluation tools","Concept"
"8122d6d87021025103e3ef0303079550e107979d36ad34deebec8bc355557693","executive","Concept"
"531b7b7244b5eb3b611c1ff2bca73710d6deb25058c5b922a172f524bc9b1db9","firm","Concept"
"9451bb8c2b288e15c85a6107411d177f6954beeb467e4ce656a4af15fdd5b880","overview","Concept"
"b2335cf858ec2b4b64ac73ad07d91b03be74a64fb1fbbf6b16cc321353520509","optics","Concept"
"ad1477906bdc85a4f868a651e74fd421ab9c3775ca509af12718d71ee85dd856","green building","Concept"
"0281f55ec1bb50fcbbcf9accbfa402f2578ecdf6689b1f88506261a2d40f52bd","offer","Concept"
"6103a8b76d8ea217c73afd682f935441566750ec04c8b7ac8d122a4be3256bf6","officials","Concept"
"502c184cadde53dd8f0b09fc9e62a9b8b2f8af9d2570e8b2998fd295f79d5f06","digital space","Concept"
"e63552456203d26dd5d0be376dc6228d17398391e5cb2a6fc1f9ecbff643dcc2","transmission","Concept"
"5ec0df9308abd9e9965012c2763e9a32f9f6d067ff41bf76354a14aaa5e90a95","energy-saving","Concept"
"370dd65dc05f3cf627026220e44bb80f6120bbc69779eb3e1f20aca3c65b6912","variations","Concept"
"fab77f7f0100308257041806560c3c6ac8e5eb0c3cf469dde77b43a060a78fd5","building component","Concept"
"5741cdce1d338cc45d078ad5fce9ab94a0a56e4aa649db6b935e3ebcd55066cd","evaluation criterion","Concept"
"b728bc7f75807eeb20ad40da0af28c7f8add58834663e18b5f05ea6278f85dde","policy submission","Concept"
"bff9b65d0cd834e2183d42c120686da2bc36d38587b9e17dad91caf6c850ceb2","longevity","Concept"
"bfb335a16a154f228ed286ebca8329c05768b2ac4bfd0e609430cecf8604dcd4","exterior","Concept"
"dc873c468ef0cd5f4d06cd37624bb5d6b3a88216513c43f49cd7003b94073c24","goods","Concept"
"e56016f212998fb7c775f0a4f6317f7d7caab0f0dc446697bb4e77343b81c8d5","environmental responsibility","Concept"
"b5045ce8462656363d0ffa9bdc36fe18c07d0ff44cea8b6af818209790f7a250","patrons","Concept"
"252fe6ff6407eef272667d0037e51efc1adeea350f59c54a4e7aca83f6d042a5","input","Concept"
"3d172f30de5bbe6e13c3239b12cf65aa654c015c464e58e24f057c48acae20a5","additives","Concept"
"71f61f09642d35103566f34407fafaadd8d600cbe8f38f485b17dae83ecd35af","edition","Concept"
"e905b5b2889a43acf199d6b17879a6b53c19f5353d7b8dea0ded6d47e1faa220","resources","Concept"
"42c09c9ba518a14e2a95d07a753788af66d526c9f289849ed4ba8da97e0f27fe","category","Concept"
"3a5078e3d91f7a9098463e947871f3d7ac4c7af624ec76038550bb8c7a3d81c1","expiration","Concept"
"54097aafe728d80f893bb2c928cd4c3d4528d6326750452cd3e08bb85d9086f1","average score","Concept"
"8d0f8d3e83e1f623d135a391e92b3230959849bd817f855c1eb85d01082f46ee","acceptance","Concept"
"626fb4178fba44effc5207cb54ae879e923de32046b8bbc7e39ab47f751a325f","data","Concept"
"386c6dfb61483a33bfcb298cc00840a89003eb485382fce8084692567d9a4842","health body","Concept"
"78e3bd81dd9204fb04fe88141ab3ff5b262d40ced52ad5df652270f3515ddc5b","trend","Concept"
"72d10853aee169691d846afa0c2d08d2bc78820318016826096d76e7e0311582","practice","Concept"
"06f28cc067e0f80952e1a97d566be65eecd558e1dc79f0efa1a377a07e0278b5","mid-range","Concept"
"93228134e1c735faa6c4d482eae215e7666a59fa5e2b373f366a0ef696f569ef","definitions","Concept"
"8f8c2e1e74a0806e05be24106de5da0ac09b0192bc05cb43b467aa7798367026","mathematics","Concept"
"3432e710ee8c2e7b2ac408f5ac141b51c307506b6e6c902b023f94ae58a4d7a9","dimension","Concept"
"67284b34cdae282d8db832133f3d17467ac11de6a4e6e918bc17949faf58e5e5","restrictions","Concept"
"b201829ca8ddf2bf1e99a9fe06fcd283b72b7d5554dc8b817f4190a0ade7e13a","regulators","Concept"
"1ab1a7d53d70f6f3a6dd5928ef3c1705b4e4b5b3ab5297cb0e218056b41cdc77","recyclability","Concept"
"42d8afcffb3e31f56dce35c1a468028b6f84e823f1654f81338d3ea746335439","architectural feature","Concept"
"a4e4dfcf4a29d7d11455507cc02be95ad2a29bbca8b697697e8fa91642b63ac5","dominance","Concept"
"e1570abbf8ae7a0e7761be1ee9df7e697d2f4c0998f0bed5e6e5048c46974852","software","Concept"
"bc78217fd9daa1bc0a3c12555341768d2c13d326b2483b2bd854db00a27e5302","brightness","Concept"
"b4aa41a9c5f0a4afbd58f563d1f78ee2c2c007faa1c2965b9f90abb01a347624","cancer study","Concept"
"b0780a42c380b19f60cf6ec6aa35801253a3a1572d3aae4f2f7c652cfd7b1bcd","grade","Concept"
"06188d2895603d19f4c7c3befdb4e18cfc9ac0ef2c9d4f19e50b7daa439ca201","tag","Concept"
"926622613767350ee537e5f502241aa553492409564f189614933e7e84c667ee","building performance","Concept"
"a8acf897306e133932a27e81058917c58ed8891c5fe0bec7f3a116cbac874f2d","warmth","Concept"
"fe6cdc54a226bb2bf507bd281001131c8dc580a08980083d346edf339b52d6c3","accessibility","Concept"
"a66e401e4d6cd68d549a09633fa070f6963b02307022d48953685ac0844891b3","measure","Concept"
"3f3934606d2eab386c299219af535628af458d283eb040ff35f5aeabab4e63e2","challenges","Concept"
"529b507b89a5e92b18a9bce167f1dd5dc1e29468e7b947ecbabc11c759fb622e","accomplishment","Concept"
"3483b1feb5217804cb4eacf11c4ab66da9f8e1f8710aa5c8444a6a942af3f6f1","directive","Concept"
"9325fd5da4a44513848881a53e31ccce532dc82cca7a5d6226eaf22a4ecd1419","environment","Concept"
"874a304063f951d022d5de61247d216ae15ca3d8cc24cf148ac252c5f53fc9c3","energy conservation","Concept"
"692c7c8bb8989f6bbf47eade549e97124ed940bab7f9caefa526ec7349a5475a","serviceability","Concept"
"e12ea7f4c9f460db7098d6a2a161548f3b3b8857f5749a8e62d2536e9f70c019","manager","Concept"
"17939c9db1269cb408abf1f2d23fa4a904d3777c243de9229e71bcbc57d6570a","assets","Concept"
"90340e9ab1caa5181a8486423b9db872e6814c58457012f37f74ab45423b9c72","providers","Concept"
"ac6fcbbd22a4bfd0e57385a93aca09876f495e4eb194064541025f4031242981","masses","Concept"
"5c83bc8d03c7390d28c6443bea35673ebae85d4ab022aa88a5fcf9a742b1c0fb","professionals","Concept"
"38ecae583704568a0e719abd71b802ace391285d11b7112a167c00555b447f1e","concerns","Concept"
"4faabbeb7ab040be2b26131cdb79e05d48dc66738f0314ab2ae04e1654a67b95","consumption","Concept"
"f3b7c81181bc6e1ed78a8e74e981e534316db322878ef01c26ad56c07090ba1a","thermal performance","Concept"
"af0eb4cf4074e41b9c72e21226d78a8998bcc7ad9721cb880aca633d6c56dd12","usage","Concept"
"f76da01f1e40670a15c871531d1681b13cc1bcc8b0009923cf9c4e433f935eda","thermal management","Concept"
"f268f222125b0cefad49b58e68146796d2ea76fe50cc00e329e8f1468ed018aa","standardization","Concept"
"6ec577fee8f5a9ce4e806b8c36426b25e3e26bed6fbe7b56821f1295f90441a5","entries","Concept"
"ca214e17d1a89a8942f226ffc6feb833be52071531aa3c659dc7ca7ac0523581","construction material","Concept"
"8c0540f65547154e0de2aa99f9dba0c710fb8dc4ebb5fae9d62a9a12134aa73b","evaluations","Concept"
"eabc45d7779cd76c7a7f9c09012f3ef2f10e38459ed2ecd678c9e88c78db1917","productivity","Concept"
"65c5b80bc5afda899950af07ce2c6376f2b3aca51bf5107f56da5d367d2829d7","chemicals","Concept"
"8abf625208e21acdb84380c9b1cb92fd8764348fbbcfc2083c6d3574232b5163","achieve","Concept"
"0dacf7e78a765565d777181536e5275cac39434e6072f0a9265c4cc4a6cde057","structure","Concept"
"3398061cbbab8191325eec54682e68a6d2af0695d18444510b328966edfe2e68","care","Concept"
"c2ce251040b4fc03ec804ef305aadbb229dbc7c255fc66edfc63659846fc96ae","barriers","Concept"
"fc7fdeb092a44540c7af8d29fd7cf77c2cedd25a64ee4a00e2c34c43a63c7cfa","aid","Concept"
"7d0b0cc1cd00c2b3c69c5ffcc276b98f11ed4b7ab918d65bf4419c71d33de885","reflectivity","Concept"
"144eeb40b34450741d1f0c708d999deb313f1b918dca9a260b21125918fd1932","customization","Concept"
"a36e3cc47a2992b446d4339a76f6db685ebeba3157e7fb89c5f64ceff4ebde00","authorities","Concept"
"e58d283f97b92e97ff1c5471071379dcfef66a8db17454a7b9df9ea1c01d532d","glazing performance","Concept"
"3b319f8fe5a4b55cbb619d445c76d71fce3c09eb1a15d2f5a945d024d756a4d3","identity","Concept"
"1000da80ad55a5371153d6143d5e5214982941bf1dc4d5fb506c2b2ddd3d7465","clarity","Concept"
"ce4a342998a6d0e6003e0a789698286e07362acf5076abd255dfb28e18b045c6","influences","Concept"
"a6e51aabffab25c957f1f128775f4be7ef56df709f416663d60aa286faa674a3","statutes","Concept"
"260d85a440308e353d63206de9aec6824808b801bb5d5cf8e85a23243445965b","technology integration","Concept"
"51f57fc4973dd9653259ab4fef84d21cb2ceb0bb2fe387a00cf71ec68dff361b","greenhouse gases","Concept"
"ff1daf0ff8cc1ac2762ce825977929c0ff958084ccee2eaa423f9b3429f83480","signatories","Concept"
"f61e1db665976d3a8c960baf4c837a7704384b73cb29a634c694c8254a119cf3","performance evaluation","Concept"
"2d330678745269d5416e96bb62dc3554e0398b63fbb91c140eb34c950409918e","assessment","Concept"
"f3b0047437664931de66adf32e2879d4c99bf328ae000a235c2a3f99e1e28513","awarding","Concept"
"d0bb840db812070db23de2c7301de524b0cae634f54889c8700d165836325e6f","backing","Concept"
"760cdc4038601486ec2fc0714cf8c3ca2d25cfd07c41aad94fdb794cf8aae755","advancements","Concept"
"98a5b0e259bf9a534bf2dac489ccc2386d5165cb55804646947bdafcf184b623","guidelines","Concept"
"a8735025fe39815c1fb02344e135a6a73f0282df9843552f3e17d7c6c86af671","reserves","Concept"
"55035f24dfca26a8b04ed0558b7c6b8c827b968d85505770436da2afa96d4c5c","accountability","Concept"
"5578e195a49204e5892f6364e7b522757a263525a9a10a083b2e892104c5896a","door","Concept"
"02fb4905d947c2320b24a168a20ca71f99448ceb8acc2e938d2498417beed2b0","attributes","Concept"
"9af201fb2b5f7fd64a20f36cfa961785c91d1c3a5183ed45040f94cba98c374f","association","Concept"
"8cd0abe66f9b2eac86061e484beaa7a1a1445318bebdec9e8dfb89ec6e3f1f7c","paper","Concept"
"aae28ad6549f36f2cce226809ea7cae64a9e428f0734d47adf21c2efd5db3dcc","research lab","Concept"
"d20444e556e51ef3fa9463f8ccb10ee36494ed7983182e162911ac91b8c1135f","scoring","Concept"
"adb2661830a0be3df6539e5b5a7e660045ff616f9e8cfe906cf5da11ccbee5f3","characteristic","Concept"
"e3f78084da9b4d51d3020adc0fee927a521c4539b27e6715c9bd889356d428cc","purpose","Concept"
"0c78a672478f0d319a62a3462ac30d8551e5fa639862cd44d3c6c759e53bbe03","audit program","Concept"
"1e1e4b2268f3ea2d9229a6ff5167e466092e11d380cfca2b06a301f24e5d0bc7","goal","Concept"
"c949e9b6897bd195b65cac4c52e1062caedcfd8f810785b64358e94b38b6c6ac","commodity","Concept"
"36b2b51bbfb4051fbd363d0e0c4cc58bc94238f74b3c8a25153f8b08219df690","conversion","Concept"
"47d4d9436369803aba2c821ca624b8dfe3e9d5f245d37cbf1b8346b5b59ee023","encouragement","Concept"
"238246f95afd548680b5c3fd085829b0c2e83f19ae8207372fa62f0fe67fb080","decommissioning","Concept"
"769bd7e0fad8b7cf5b29b1639a7b5c2033c55220763523ae971463e5d477a8c0","compounds","Concept"
"f6d96e62e96e6df2eb1515365cdf1da9811ca7e992abe2111442e5e71ecfc1aa","substance","Concept"
"e6db6b8ba72fb4619513ad8cd88c63177dd91ae8e74132ccc52457a47abeba84","service","Concept"
"9f8f2eff45e762f64d9592edcb9be5565e32816c124828e3236f480e1a43389f","manufacturer","Concept"
"9b77441b23542fad6ded5c9a8191bbd57a493369346864eb1c48468a3453b97a","advocacy","Concept"
"77b071b5c6060c6ebeddefaedd6bff7125b2c50a12afdcdb8f977cbbddac795d","carbon footprint","Concept"
"7ce08964d88f37cea7f5604099566ffcb7365a9aed5f3ffddc29e24f789056bf","collaboration","Concept"
"409ff8f84c009dfa37c0f71980b7b808ce54df85587275b58af39066216ec7c0","signatory","Concept"
"8f9b934673de291bf2cb0bbac6bf829d368baf763c0147c61a616b9315ac462a","environmental standard","Concept"
"13b8969c479661d25b0b223b24de224d198ce2b2948c2906b57960b385a3aa91","employee","Concept"
"3979ee1ff2698b622c302fb962389f87cfbcfc571171830b5b59c10c0b985c27","parameter","Concept"
"eaadab7d4c3a561181aba62e4d4bbf66592ac723fd46d7f41a85372b07c3905e","energy efficiency","Concept"
"57b591fec1829d7f19cb0eb7a2f22acc7d2c8906e9b61c487f0575a70d812319","plasticizers","Concept"
"26339cd5675f2d375f1f3834baea5c704a0f1d263db1c1cb9c8f20ade13eadb1","fixtures","Concept"
"599a62a5fe19cdc2aa0e0e65f903fe049fd06dd9936fc493c772151ed3f40016","adherence","Concept"
"12cdf9606574406b4100501784f432ca255173ef1f10325f308ba4382d60d539","analysis","Concept"
"e94574ab098187cf0c56b214133f6f5e923859322aed26c770f95aae5b12459b","entities","Concept"
"276db3826732b5d6634795cddd7b5384ec715bdd826d3e7e9cec04efcb862f0f","fenestration","Concept"
"b2010b759853ac392f4123972f1e8ddbc238ed02fe9ac25a4095613b54b0d773","incentive","Concept"
"07d1979b80f62136c9155957d766ab970c5820631e004dd34ccdd478b7fa2157","thresholds","Concept"
"53ca393f499354ff557c7bad2196f602143aecf9cdf1c20d14f41c4f4f9c3203","labeling","Concept"
"5be2e21b94c60d7f684845d0b03d5b6369488d349a51980e3ef95f8ddc602fb3","management tool","Concept"
"d957d416d46b98e5f2c46d0d436332cb516a5da4e9ecdacc7de4d1816c5e1e88","environmental indicator","Concept"
"be407ff4831912e311f9307d2e8a4e9dcf8b1536630ee85bab3fb876728a7e24","policy","Concept"
"18c0f6343ccf3b6289da6e00e514d48a29a764eda2a1015eda9a5539d9d47006","energy consumption","Concept"
"0e4cd2ff51b2fb36bbff033d1d11d31eea488242650fef8dab45bbf5b2e7abe8","information dissemination","Concept"
"c1919464e18966fbd11ac9755199693e61812b176669cbd8c0d648465f982b33","environmental safety","Concept"
"79a24a6d2367da81be4b5c6295a91ab9d98cb57e0d1084efdfcc143f68e18ee0","metrics","Concept"
"4311d817b774a741b72c7e895898aa444b6bee98ee6fe8cb75aa33fb37017483","representative","Concept"
"6f9ed92075c74b00a9c5e9da188a03b8fb56ef99ab83184a442ff5fd2fa57cab","evaluator","Concept"
"26a2d93d074e3294970411ac86da9ae7f8b7c7b33c48a8c84d00c4079f5caeed","aspects","Concept"
"63c90ff092e6b15e39315c2f6271d090577617d22eb216e35ee9133ecebeba7a","supply chain","Concept"
"5ac52478695226a0058aa5d16290fb4bfa23968b3f3a71cc4922e45d688a0993","processes","Concept"
"0dd1ec347e4d5aa79a27945b8074ab98c32e41c4dfde01a5b0fc80ebf16b1e7c","calculation","Concept"
"4cec49209ee43284ab371f25c80dcb371a2e70cad705ebd9ecf184ef81b2f122","transmittance","Concept"
"d71e5381963ab26e6a2fc366d04b61a3310f14ed26699a3339d1150c07fe579f","measurement criteria","Concept"
"e8c7537954a3908acf174da5550ed877f54f3059af4915bad2da1522fd36bfca","packaging","Concept"
"e5fca1d0c31cf7c7e2d0ee335b4ae39fe29ed9fcdb6a82b3f323b8052af43109","public health","Concept"
"e047d36b4711639cc70faf4889fe9fbb655e8cd9b773e4afafb7ab63a95d8272","environmental impact","Concept"
"41a3874ac05df4a4403f734177f59b50f3ff5a5b9ac4417bf554f71ad244153f","threshold","Concept"
"340423952fa736b3ff7ed6cedbc4d03a4d64df07e4bcc13b675170410d47b3aa","introduction","Concept"
"5613c1eec712cd15484a3875367bb57d0c975e184f467c8650afca1c3fddc0e4","disposal","Concept"
"f93d2e9d2142648816d91ff1e3264bb8e3fa2aaa69f3e16606e03752e63ed1d2","programs","Concept"
"cc9dcbc3f832c4ebab6e37593c88fb559e1e8bdb8fa0ae9e567f159b5d405b9f","norm","Concept"
"a21faae7c552d38f5ef9958e0713ca211a35738a729068613fcccdd8f3da5d38","fabrication","Concept"
"982cc6866de55546deff0dc64ab76285d4b8412fefba09aba364877c3e161856","duration","Concept"
"cb53c72f42b4563f3d2eb1d17a122116c20b523b36774ef82ee8c4d745f581a1","conformity assessment","Concept"
"d4ca026c01e673d55da0d0cc3397c1d33bce6ac3ca8137e3f54d16c4d01d5570","energy management","Concept"
"59272213ac84dc3052229405cf1967dcd1352696c5000568df51d14848f5781a","materials compliance","Concept"
"1eb479ca133b8c1386bc350a39535579cb2feda50faea265e1556523d69c58d7","policy development","Concept"
"c40911ff0a1fde592953aec46fb6c806df1de0d0139e9c10dc5cecdee499c188","sector","Concept"
"01e8027c23ace1a86cbc5362ceacafd8f5091aa251bc4bd213c70a880cf3a860","technologies","Concept"
"e192f77a2ba0c8651b1a15463001d8a3ff8d0ccc2c2048b57a4c3cf44d9b79c5","factor","Concept"
"d30ad5d37f00678cb51ec2593d4046456a0597e69e6990908550cc9c3eba7fe8","compound","Concept"
"ef77abde090bd941cc602431b28ac550fad255599863afdb9b690fc4f9f2c5ae","characteristics","Concept"
"5484cc8b5694635f4dfa72aabccb8b2dd744fb24176b4b914097411727423031","endorsement","Concept"
"ad73975a39f4d312d61ba105a936862e92d53aae4030a12dfcf72728499b79e5","procurement","Concept"
"e364bbaad7236b2e2d32675fd70eb22ba9ec0bd637ec8f187d02f508869ed565","plans","Concept"
"2c9821fb14644047983ba72e5925bbd9e1fdc1d9ac5e4e2ab299a850095e216e","achievement","Concept"
"23f383a39626a9c506a8e1334ef1fd81d90cdd5137c2472b934dfea0bd83ab44","glass type","Concept"
"f40d2ba40494c39d90e673688bbd1c5242ab60ccd87288cc180d5cad489844d9","time","Concept"
"624ff7ea9b31a1734b58ee4fe6034d523c5be7745dffb8b43d170e0e6cf4d1f1","window properties","Concept"
"177cf18ae44f367c6cd140a1679d6795b1a0254539db0c7c1dff3db4a5e7d4d5","solutions","Concept"
"d813459a476b2d41a310d9b3a410e2f6eeb4e4090a5b4aa6049e092aeedddb45","target","Concept"
"8b41985913b96ef986364773286fdcef65184dff40cd02d9abe117d508597bee","coatings","Concept"
"fe8dbc518886f43d0e7af73559c51d9bc7ffb7de334a8e3a1c7e95f639f08272","attribute","Concept"
"5347326779c086696ce5a569ae1625a63ff16214eedc26bbaee96655c3ece5cf","pane","Concept"
"1a3a4eb5d0bb8143f25d116993a243056f8dc6f1ce7a9e35b107b8dff9c71117","tinting","Concept"
"63f7cf4375a2730bee1744f0ee36dad764067519b3d232a1d14051b5be62d20a","regulations","Concept"
"7e79fa0a5c152974b09ebb2b74517db1f4fbeb8622dfeb160572c25dc4061012","evidence","Concept"
"38eaa13c4ec880907407ed049b369edeb502dcdecab886a9969118a4d2ebbd5d","roles","Concept"
"0fd90a2b1c8843af19b9cad93e0bf5f6e10e760dcc1bc1762454a0560af66888","authorization","Concept"
"ac5bef9554e5de2d788ccb46db9a3f0b900da7ee007748799f0a42a35035aa48","page","Concept"
"30dbdb5527e51a93331b9cf9c4f8ee4b14730af000f29912ef14f9e577ad9cac","preservation","Concept"
"608975d47095e53f3b2596a28f2bce9714706a69c54a49b3faf3bbd4edd78684","paperwork","Concept"
"e6053f8fa9f2c2fa92e98284d32fb73f5fe70d1b5a89dc6daf4330a42367820d","legal concept","Concept"
"e72ee2037d6aef55f15ed1b385a6f6121bfd9501cc2009645b1f1bae196531ed","promotion","Concept"
"58aeb4dbcafb2f4dfc2de11af895061bd59b0a08abd7491e79d0fe0c8d038b0f","exclusion","Concept"
"3c6546970fb5d6c254bcde6900af41481c9a6a05d81380e86952be113a93554a","surroundings","Concept"
"0e188ecaab58ca0ff09376a7ded4eff1115cac248e54fed7837fb63efa73358e","tags","Concept"
"f769adf81cd9bb66d3f583fcbacc53fbf6c7ae0891ff9d14eee7dcb20fc73810","vendors","Concept"
"185b1a1eee28750973624a2c193b8eaebe45836cea61d0b4160f72e9dd717074","waste","Concept"
"cc2459a768fed8b7225f438ccfe6e10813e81befaf57e236a2a48a282313ce57","institution","Concept"
"c5e8d2a0826246b9fdd20fb3e1a41a38b09a6784bbb338f1e7016ed29bcc59df","furnish","Concept"
"c0a0057e6c0084cfb67d6ed21daeccbc5d299dd7acbd6b9391888ebdd1b98b30","diagnostics","Concept"
"1bf3c844aefaaed0dae42f042b78b98b9e13abfbfc8de4ede0144e13a370d6ee","developments","Concept"
"1ea499f2b4546917dc9da4d12222504957ef68141dc345a0990f3644cc06a57d","illumination","Concept"
"7436d94bd0364e2a6ebf65b4804390c8fe1fe27dfda587a4d17a49686b448573","credential","Concept"
"a259e420237b10f5cb4b081c058658ac342da0661d9f2ab989980c4471d590a2","contribution","Concept"
"d1d4b75fa4e8f7c7213057735fd3cbfb2184ff681c6a9a08cfa626c8142b5ec0","examination","Concept"
"d1f69a4bb51c294587f2ba362189d438515fa63d875186de8a9993e20886c5e0","changes","Concept"
"d225870af1802ac1e7eb47b778e30b7746363292e7ca19bad9ff449d809779a3","producer","Concept"
"f635544da51b04ae146ef53ca1668ea3837f0a28d72a4680896f97159362b375","effort","Concept"
"955b89e05869fa840661b9873783cb3a9c52eecee5aae83876785d81d2ca6ea0","certification","Concept"
"bae753a176c2857d369ffbcbf11fc2ffb3bb785ec0bdf556329aaae860cb259a","project","Concept"
"25f410e338f531659ec1ce966633b650fcf7e63d9a0d082dfb71b94a621f1a4a","temperature","Concept"
"a9c8907f0a127daeb4f0a07e52e6e952d3e15aa8bc2abdd4107329715edc1d92","members","Concept"
"5146e1964fe8d059bf6a96da9e8107d6221e6f42264c49ee39246c199969dcd0","sustainable","Concept"
"65753e618c189b92b6962063b4f4ee66b5111b85f084bcb7fd52ff6d2dab33b2","property","Concept"
"f8b9895b8f9b7c171c8c49823ee0be7426d92dbf489e58e1e640c8423e7a14ee","businesses","Concept"
"f85b5d9a35c23892a7ca45cdff353baf28a7d97cae3a57dc8473786a76f83a5a","system","Concept"
"ee73d0ab0586f2da62e0b44906d8d9f73b8030d065ac7e752d90a1167c418f27","coverage","Concept"
"d91c9e14d2ee9a22dad65feb11d78e869f42b835f035c5ed5239a3bb76515dea","scenery","Concept"
"f25537a79eb6eb84bdc449e89757088411abb4413674fdbe54151866e069b5c5","items","Concept"
"101e85a7dcd45012be51280d29bfd96a459b7f197177d20a2c1a45fb786f9cce","company","Concept"
"3f4ef22bfa6c4a49091215c2f09b929a97d51186fd636650932f1e07dbf43440","platform","Concept"
"73c83d97a00f6022a031e0bf9a9c810e6f34b780ee02dbf8e1b6b36f8eb6899c","assessments","Concept"
"521116d09f83392fdabfe1bc0cf5f8bb3ecd1d506c819cefb4927b144a301ac7","specialists","Concept"
"40c6aec26ecb3c3c5067ed33b9dcb513f0ad3f993268ed7ab46b5ffff524bc1c","rights","Concept"
"ec276af5d7c09282b30df18eafccf3b3288863fc91bc6cb5cfe81d95e44fe1c8","merchandise","Concept"
"738b3d69c8c9f60b1b008696f991d1b04468bcb28ba585e19590cc2ab1160fec","durability","Concept"
"9b411c4da512a148e16152665e49eb7044c7bd8768219acaa621a0fe8639fb5d","list","Concept"
"961230d415edc5f936fee8d7542890f3dca0317995c9ba354542e2244f365600","licensing","Concept"
"aefc71b78ae9f7df32e47eb00f5c25b0be051d87483e6b4014894fa5f3041c50","wellness","Concept"
"d7f41025891dd9435666bf14c5813aef8504b6d9874fd09a7333d9cda1141460","construction","Concept"
"16a5fba2ec4a6a65b6a1f4f0cc2f2378ac7ac655dcaebb93959607724dc7b3e6","goals","Concept"
"99beef0a5d3f2fadc7822041581857c994a24fcc4e154b40e0799214fe6c9390","alignment","Concept"
"414f529dda34f2480f668a861d734d2300dea3ef79c41abeb90506b2c126b977","distinction","Concept"
"f29a3e14b2cdc070e2a01a7bc07a2ad8b7bec3fafc3cd3018ece4ba24265143e","legal rights","Concept"
"cd5c3b2b8f797a995145dd4e8120263fb7994993e80fcc5961f6527d56ed65f6","energy saving","Concept"
"47ad5158c24c2e8edd8d4e4c39384fbe615873e9aebc759348eee2a1020810d9","architecture","Concept"
"9cae5ece2fb55aff9f467586a269006fedeced45a694cb76ffc751a78de759aa","information sharing","Concept"
"eb29b9ff4c302e8e38c9104e21efee24c91c6f28f2cdbd5a783bc604a0577abf","supplies","Concept"
"3f9fa84decab22650bf240db5c98969e7e5a2150decff0002424d4aa1d63b509","inspection","Concept"
"580bbec55ba796bae05e664d07589d63e05793df5d0bc5c7cfb5a6d5b25ba05d","science","Concept"
"52f71af1e9fc9d422306c3f0f7cd60555e7388913958dbe045b6f7e15c2ea083","supplier","Concept"
"01ce89d1e037c77ccba1d4f2895aba0b642f769ff55238fb10894ea21b45b543","obstruction","Concept"
"bece3994b8ec8d57cafb5c6af482aee9183afc13d10b7cde9d82a3916e65271f","criterion","Concept"
"0800d8424b727d4b332b4f6cdef75e317869218ff1611844f83124fecbc93007","thermal barrier","Concept"
"220d2ee9dc2ebd29fb72027c533f6725d72b72e9528c4b65b6ea887800115ced","restriction","Concept"
"0a527449ef8930e9bdd9ac906e65e851b7fc9c6e997430864f6ab24b00dafe24","business role","Concept"
"b427711a3d3b2e0ea50038297248c768fdc92a7e005adf15833a3b9a9ec41d54","hierarchy","Concept"
"61fd53edbb3e8fd5243e46b44c43fd6d707aebfab1e004ea05d5faa44016b884","development","Concept"
"38efb5c9b49dcd4097f026950305d6d6057ca939887331bd0ff1b41600601f33","identifier","Concept"
"a7ddb10edcf104fb7edc5edae18335d4479866c0016bd3bf73762781978af583","producers","Concept"
"b5eac758dd684ff0bbad54b83b508232dadaa45d20c40c7ce3de0cc7e5726b8f","intellectual property","Concept"
"609ef289ddf92a6f414ab5f9c01d92cc643f4f14d9f0aede3e5d9cbbd176e6b8","designation","Concept"
"785741b88b711bc12d0ac8c4406f6c05704b06d217c060f0d61d03a6398e502e","implementation","Concept"
"20f78070a183c9d6cfbf295501c7c2364e46e6ded892b51d01787cb773a823fa","high score","Concept"
"d19d6c04e4e69bdcbeb7bd5fa500f6f18258da4f05a27be45b1699ca93ca7713","test","Concept"
"e782d3d62dff8530fe99702494d1623e482bb35bbe7fd12e0a9317cf91afd35f","enclosure","Concept"
"716edf42a3096d2d898aea42b7e4c5ad03075f237de937e39b8e67319f0481c9","windows","Concept"
"926c17a61abc96142d1bfc6db153803cf70ee0b6337d16454aaac2a7059517a7","installation","Concept"
"885bdd63f0cbd552e81544be416d9c017f0bf7d61a3f3c429cbef6a51687cd04","setback","Concept"
"d1cb6c1285847f7086d92b67a790189a1af64966dbd0c54a2d13b8f35ad424b3","fraction","Concept"
"56660315e35633606f7425bb9e2b1cb6969390098f4b8aada316c03bc90a1afa","companies","Concept"
"96a5792e985a2e8af971eb2d42f75ed91b5bc09beee1a0c700cf5864fcb5be20","additions","Concept"
"57a498bd8b4557e41cb00d442c4029d7bd79830f5f2205b623bf313a6782297f","database","Concept"
"3d7d52e8646dc0c19e0c20d2751ba7e5e7b46645268010b60930a702d197f561","servicing","Concept"
"7301badb93d9b543fcf3d03edc74488206bcf0b75415df8e94f373a2e9c6b84b","technology","Concept"
"e12425a6aae6c3009b09d3d2ce9d1fe90375e01b9ba36e199d68d3f1c304edb0","product","Concept"
"97425e37d6022890dd4bf511763e25187bc5f9103726cefd352aff790dce8181","contaminants","Concept"
"196ce80bc2c047776667d3584567b5a1b69086217e87885425fd66da92f168c5","site","Concept"
"bebac8c57ffd22b49b7bf4e53086971ae4ac3c5dd95817019dac6db1260c85be","accreditation body","Concept"
"988cbbf223e1b320fd3d15b41aecba696099a30fbcc154437c950029d06b5f9e","archives","Concept"
"7e772fb4cc2293e794250fd95ecdb8dbadd88eb01387e73e14f08bbac678a81b","planning","Concept"
"ae8c6ff4998149adc2ace66789ea6d68913190dd15e13941add353f013bf0945","techniques","Concept"
"12700c5656832b1281333c5dc35dc7d070632b8bf9979aae984b6f5cc5a2e427","element","Concept"
"cb1ee427d078020f6437db3952cd0dd25fba1caea419c45ace11f1ed9ba2bdb1","standards organization","Concept"
"600549dd7a0f7152ec80ae60bad51b49a9cb390ab8f8eb275c98324957de3fe2","leader","Concept"
"0694afeb41a86570dc8829227d4a59d6ddbdd0631b88af2514d919b2dde69394","appraisal","Concept"
"279708d8f6facb935aeea1c67fb0d7fe63c41ccfedd7fa4905365b2d09813590","permission","Concept"
"1e377f8c05ed3cca44c1c8c2265a82e7e22a4b826f4223690c251b9ffddbf41d","points","Concept"
"c413b8cc4a04cc9e6510093b1eb5bf758db655cc85336d44ed4984a406439037","market","Concept"
"e93f97da56121b17a7ddb233b22d0d7d8b69f926a4bdfe5f10ef7fbf985e327d","extra","Concept"
"462dd2328d5950d1c786c7157fd9812b1721665bd7c77bb68519fed903eb4bc3","barrier","Concept"
"b7ff2fbf7eb79c910919fd5dda5f73aacf5ce5a3abc33148a5379af3876e74fe","toxicity","Concept"
"12c38ed57b57610d35e292dcac983999766cce684c105f0f2aece852f66c6888","eco-friendly design","Concept"
"2c7bbf9756fbbcc1a0590cc9f2f1d4b2c9e05f00c65dee5f22d6b6d3043c0607","quality control","Concept"
"dfbd8ca742b463a7579eb618bf71aff1181e9254324e4608db2a52dde5e23860","audiences","Concept"
"3f05c4371455082fca6727a0b144e630883d2131376912c126ecae175d278dae","application process","Concept"
"f0fafcf02c8bb1fea821e2d4330e2b6c4fd087acbfcd8acd150e295700f3fbbf","resource use","Concept"
"b265a418a333fcac11e2a05830ba293404895c64aca7e604109fc0069cc0b643","glazing","Concept"
"53a272bdab8e65ecc1e949ccaf975f2716d03c99b5d34df95b66bd6197a33449","functionality","Concept"
"716bca9eb4b2382e6b6c8d2398097a45428de58b75593ba169e1d86627a5a39c","testing center","Concept"
"1daedc39fdf13e73849dab917a07446a4d92252e36f76691c6db91d0721450da","transparent item","Concept"
"df05f0993702e3f457eb02f9c6dd6a1f43a29f6910efed93022eecd7d305a4c2","risk","Concept"
"4954e69a5f67ae08d4a13cefc612851ef8b0bbf7522eab2087204b4536cdfef1","rank","Concept"
"7372a3b6dd732e3273e49730e26e1e7d5e08d71e97b09ba160e46d6fe266fd29","decision-makers","Concept"
"ee5d79982615eff6e54e12a0562f0cf995c8ab46da805f5e66cb96f5000552df","force","Concept"
"7fd6e87e9ccbe7f7ec4433d99cb71b410c98e65388b186198584644f595c5922","habitat","Concept"
"330b1e5eb1dcc0825effac170a3a35b9cee31cea7d2fbad3fffac2d8354e0268","inadequacy","Concept"
"1bf38a08ab99b8422e48d55c3925d73331eb2a0d56550e6a54e4297532316642","thermal analysis","Concept"
"cb37b38827f88aa20d96f5324ce5d206cd6740e4c4f0a17bc97626b41c795be6","proportion","Concept"
"53e3ad797fe675cd78d05226900f793efab95edd39002cd1c8f0d2e8fddf4839","responsibility","Concept"
"f957297f8148b81788cad10a6d6d6336437d95a1ce2842381a30723fb86ad1e1","measures","Concept"
"3e45793208c1ce352b1c92a846e39abebe7c45ebc73f542f8d823da64bc28864","constraints","Concept"
"59fc8e3d1fa6a6c1912d7cf4a1c40d726c55a6a0548623ec7c6c9929f6405e0d","interface","Concept"
"59c3e6204c4598446afa688b500ed688b8e88223c490abff28e5fe4bcee06e8e","reports","Concept"
"70928ff0d8b378a680005b179b516439d170cb68236f677dd96aedca5f497f7a","industry standards","Concept"
"6ac4424900695824bd665ab01032f6a0504f06cf2977aa64fce006ef5b8c8de2","section","Concept"
"47fc63a4daac3bc7616cc35bc727d5d6125359367468616bf472903a8ff9a1c5","support","Concept"
"0e412550299eef427a103d5ddd0252ee39ab5b699ce546c30a011a72acae2fd7","efficiency","Concept"
"972affb50b73af2c6f0e355eabf0d3b0bdbb29d79b5a6f5e7059cca0003b5591","business","Concept"
"04d8ab9762edd9f80110154c24941776386b55d12d9fa1defdd3ddae9cba6ee4","smart glass","Concept"
"6038cbf2fc906197da8f5f3aabde08eb93c99cea55deeb1ac84e3f0de1cb3dbc","contaminant","Concept"
"b3375cb86bc79a32129f6f511c13ee6f298cbc53d1480688e17b9cc0eaec2518","shade","Concept"
"3a548fe448f47f6276b0f27a37dec106115eb2958294044981bcb6f11ac9e4eb","environmental","Concept"
"4ea35e541a12ffe493f1cd2c957eb4d2f2fd5a1413cf6c1c2ecab8609ea29bec","surface","Concept"
"81bdbb8d1aae00a227b360b1d65687aa67000884a8aad4a32c6dbace3e48ec5e","standards","Concept"
"ae1542241c41fbd2637e7a9d11ab1b90477ed1f04d1eb1a5a1a82eab9367941a","standards body","Concept"
"ec0eceb8b96f7c932d8fe31e6f46530502912100d4f2ce746bf3db1ad1014214","audit","Concept"
"31bcba040122d1f1de3bcc02023a1429c4762f2924bdb6b899aab09442c40c03","metric","Concept"
"cae0056cef866a08ba8ed1047a6759eae44354113e13b89a5a55b7cb3fb900fb","enterprises","Concept"
"ac415ffa02a0a5804b31744a5f9309f8692cee8005bc00355c883b761d1aa23d","copyright","Concept"
"94262680b435ca18ca40da1e5e78fa2d7d3d9794d2b8efbe54a6ace623f51073","public","Concept"
"ad695fb9cb90812d73788a67635030aa8ffbe15ec7beefbe32bec90d860b2445","research body","Concept"
"2cad7ca1226d66941867daef5d06495deab4e04bbb3c56f500098ed5253b6798","units","Concept"
"726a254974b38b11b5d4c43acc12420cf31dae6c4ff9f386941a633ad6169042","mark","Concept"
"4e8eb21bef4b34666582e8c9910705226b257cdfa1c928b858da80d54b1137a9","legislation","Concept"
"0bb2b217ea378caf17fbdbe5e91e3025391f91cdc6c49f3bde48be82a2802106","users","Concept"
"ca1bf3830c3c8fbc931625384c1e45a547960323c9d2ca38682c2651092049b1","concept","Concept"
"904205e01016b681da18e20e260f979cf3d8d02dece075b15dd813d821d878f6","automation","Concept"
"bddfcdafb76447b21c0bef4b57fefd74ff39a4c567cf2ddc226a03c66c46aa82","suppliers","Concept"
"81ca3d81a767b99ee001b4efa418914c712949a1108560ef8056272c109997b4","manual","Concept"
"228f7b4a28e7760545357081d786a7c798aa22a5a18fb47bb15114b3762d9ae2","mediation","Concept"
"746a4c65a801e4df520b209bc2bc0a680a039725a5476ad4c5ecf0898a043743","environmental control","Concept"
"857c221712e1eb0aeed7c3cf1d7f2f7f4ec4fa8de8cd02b52e1e04b529023e28","letter","Concept"
"8a7d8a8d1d6234d4ccd2cd83398cd6a968d55efda8328435abd916da4900a77e","performance indicators","Concept"
"cdef58df0b62fed8a23283946a6ddfd50feeab36f1397a431ab67ffb985e240a","noncompliance","Concept"
"1c5e9f49a9cad816cdafe5a07681e86f1d5b3cc1a6f19090412f65e81225feef","guarantee","Concept"
"2a50241214f3f33eb243dc203b3eb65880f934de3615bf0370b1636ec97939cc","plan","Concept"
"da0ed3e235185179db687d4aa1dfcf42121b18a65c2df5a6edb370c7b812003c","contamination","Concept"
"7df2b33cdb286850f50c04addc16a31b5ff70f3e4e8e70b546c3c3489550cfce","specifications","Concept"
"ae832f0976ddafb52d87a9269b9d56d1625e234c4c6cdc9f41bdfe84ea8eac0f","awards","Concept"
"f9d6d62c394c36f4fe43fc74cbd47248f82619dabecfe90fe115ed3545294976","shortfall","Concept"
"51d3acc5a7242cd20270c039d9392206a0baba72f67727e7acef9531dbeee932","satisfy","Concept"
"37e81723c53ab4b154d9d2be0da8322a0537ed415b39fea4d361b39e2bc371f7","performance","Concept"
"7914f1831f5e6b3313777d035d2e0a6c0c3b1bb55558ec423b1de8591a433ed2","strength","Concept"
"2ea4d8762c52ac42133989708a3c545028565f01b63cdcdf2d799040d2e34fd2","requirement","Concept"
"5912d5b4e1222576bac2eb7585bb497fdfd4ecf142f9f38f05f5d4ac2f4932ee","resilience","Concept"
"fc487ac8d387beaaecde3d2af2e30509eda88e446b4f9839ab3db24b886e7a39","capabilities","Concept"
"65aa7745435139aa9d667cb14505c1299f30415ce1a74f765c64e1ec835b975c","metalloid","Concept"
"d35d4cb37c169b8145c6896d62577bed2faefb12f44bbb26aa9c5550a1de1f72","rules","Concept"
"5f6ec690c52925b53a482e5edb68a561334f3718ba0422aadb026d54a9fcc33e","compatibility","Concept"
"027a14485b476048a4c9194e3f571a6fe1a02a8ca7893e789991668993a50083","consumers","Concept"
"846a32b3f56e5ef013d767afab679389133536cba66299ed99bc3318fdf8fa39","records","Concept"
"ff924a57e84179833aa818792e3bb5d0f83e84a4023cf2e864bb87ef5c582c41","directives","Concept"
"7b9d2c052ef36cb5d98f96d4fb0ca332d9c94a2d40844002e374df0444f29739","resource","Concept"
"2b58eb1a9d208b30a7245fd28b2d898aaa070c7fb429dbb164ded35c8cc01c13","official","Concept"
"e9aa9baf44a8cfd30e68a50584862424287a4d3e252df675869dc69e84b1897f","aesthetics","Concept"
"cd8e1c7b892ccb551eb40bbf00ac770f8cf1db6c20a0900b64ac7749a3d6a481","practices","Concept"
"203d0e242982463dc9297f69cc0b24e8d33ecdb3858030ddf8e48880c27953ad","heat transfer","Concept"
"2a87676a4e34313a4a9ee9666e81a7938da8158152221e5180d2e1b7d3f6a94c","heat loss","Concept"
"f1ce15fcbb3d6bb8f8d2a57fbd61f648bebd43fbc9ef086acc31498f8fc340ee","recent","Concept"
"42d9e853ff251149920f037f87faf12d08b2b4c58d72fc673f31cb72bc2a3536","elements","Concept"
"956b1ab7ea2535935661bf0fd39a81499d7c6a36a6e6f8461371ef762de107a7","expenditure","Concept"
"4aeb8c99d5187bbca14a759c74f1f6e8289529f8060cf8f93fb6f5b7d19e1c69","coefficient","Concept"
"8d4e0accbe2c40d8d08a597e1e414980c6abe09bd1b7dac5bf9046a1524df838","identification","Concept"
"d9639a1376b3a2d9b5e63156736d4f0720ab14ff9a4a03d1179884e22adc6ca5","underperformance","Concept"
"d03a137c9bdae92afbc25eaa68c9ee868ad554aaed84786791d0da2a1f51a0c3","lifecycle stage","Concept"
"33851bdc4608da7542753e9edf1dc2e95d670ff864e26a1f3353279b2b0ef8c5","progress","Concept"
"19f178f63c88fe50339a18d71b4b42f8b357791a1b24f30daceac1fbc66e42e2","supply","Concept"
"a292b505c88fb9ad571b7d3a75dbed34761fac8b1a50b1e9547f4012964503c0","benchmarking","Concept"
"96b1362a8f83095ba9f660f2df597c87a6dbdd35b816cf150d706b6fa4a62cb7","variety","Concept"
"4c017292da882eb766dbd4fb04de3cd7f0e811659344458dcbc441ff59dac494","finishing","Concept"
"9c6dbd15c6ea45903437995bf807e617f700de98314a8757d8089a58cf2a35b0","footprint","Concept"
"c38fa67696ac0790d4c1fcc2cbd5d37af80aebce28c82fa2cec76fffec6793bb","item","Concept"
"60ec40cc08778bb68f06d96a3e41062f75eb98f0a5be773e859c34708d45010e","party","Concept"
"22df1ce6491b5879627469e4976b0740b085976b49a50b4069803f18ca43589e","completion","Concept"
"eaaddbc450da53fad66d5c711934bdf5377353dc00d6ba98c0b1f719f51e0cfc","color","Concept"
"92ba464601e95a1bda1661b43acedc16ff21f84a6476711a7fca26fdea9de716","qualification","Concept"
"ae8f3243c37ee142b4100c9c544e5674ec1b8bea22958a5cac7f7e2daee615db","innovation","Concept"
"0bc4520ca5b758e62b37c2108bf7ccdbb567df5b688f9ca619b4696a1eeec8db","issues","Concept"
"bcba6cc7552bfbb3bf5af52e9bdffbcf0359bf9a1b97232d7dd5d52ef1a3b623","discontinuation","Concept"
"17da04534e8f63b64ad9f484b38d2a9cd9bc8a6c8e90bd78957c999c6370bff1","report","Concept"
"66218a5045b1d57568fd6b4c63533f8ff3c33e5172b1eedd59942caa49fc3119","importance","Concept"
"d5917c0fcaa75213c46ad03fa122e1a1ae5aaa63d5f2b4ae655630a21f86a392","toxin","Concept"
"cbf94e0a187ab6f04c3acef45a51f80a6b22226665dfead2755ff96afb203c13","treatment","Concept"
"c6fe6432a727af58279db43d7a6391b3fbfc52a495d8179d8c6c2cca28c3102f","legal standards","Concept"
"7b0b8980faa9eda888f5e7572ee3b28af94404cbad83c24166c9e5b6e284517b","protocols","Concept"
"dca264bdf56cf2f190c7b875f77088041f19424466dda31a7d1a1338de607d74","carcinogen","Concept"
"0b3db6d8137c52d2f95ee7221fc7cbb75def67ad4a5ab157a1625c8dd725b84b","rewards","Concept"
"34d30541dc320f14e2524d75ecdf35576b1c4830fd45743e089917eb59194c06","phenomenon","Concept"
"91164c63a32ebf88be6885ba3845704113cbc8ca72584c4d5334891027a3148e","applications","Concept"
"47273f54a3227145adbef337acfc17af9e3188da232ee2e6e3ecc04728df56a1","behavior","Concept"
"601e1f387f4c72de4917fe9dc64cd8d35d5c85f5e381d88a20af0bd8995f2032","environmental protection","Concept"
"83f3b05659b1f63a829ec68723e78bd9c61183d6391bae93fda47041806f0c87","communication","Concept"
"44197e30b7f25adef201fc8bc50e02077a006b39f9fd5c3f6295d615842cbae0","chemical management","Concept"
"1298a860b4527e20395ace12b36fed11e0a06046852eb32fc1efc0c9c7b39eda","source","Concept"
"ff7de46b5e952969310dd0f64a32913633a2c2efc1e9b2ddeb6842ea201be066","efforts","Concept"
"4af1baffa4ed7dde4b54c6681597d3a44462918cfaf2a6c5f6e341699e522787","organizations","Concept"
"09b3062b0953116c1ee0fca7bfc17458527d9ea89a386432d1bb27d1a160e101","sourcing","Concept"
"3c329ff77b0a72a4a4b1663e35ce7a25b2dd5f55a2f78227698d161dace5e265","sustainability","Concept"
"7cf41553b3778f36e183727b8401de33155c67f24b8aaa00ed16b94f74b34680","marketing","Concept"
"265d7affe76d0b9bdb102d6d9c65fcc8a4144f589b8f136d2fa9d0983088b434","requests","Concept"
"3cf83609f24ab773109318c229bdddfb3fa47065c70b71fc1555a13d3816db96","experiments","Concept"
"c2120ee50c052376300b0bc728a681c5d4a7f4276ddcd081f3d644425514cd07","reliability","Concept"
"1793a338d883c3174628bda41de1c40a8956e795406ae9749865b818f1b40784","operation","Concept"
"b60f8a515441308ff9522e802edafd869097afe657fa891d4ae15245aab7b2a7","laboratory","Concept"
"eeaf9b29d2c2ef0266491121c614695d00319176ca2bd2213bf205a394153ec0","management system","Concept"
"062756186e583396e52e9a39aeda401e663711290564a134c9c402f591283763","building elements","Concept"
"e8fdab328e91a4cdde0a39c5a9724ed83d95756a60baa06d01e8c8e5cbba0b21","quality assurance","Concept"
"3327e90ab17f3ac7511923750eaf6a7c49e3bd4ba80371e831cdd3584447b4e0","safety evaluation","Concept"
"faee1441961e7b7ddbdd4cce72e3b6e9f5d76d01eee5c52aa8ffbf44f67cae34","asset","Concept"
"8043b7683935e7e7387408b4a7d54500c93308c0415f991ee3b67022fc42b7d4","translation","Concept"
"8cea62ed19cee2be5c55e4e885b1a0a620bb211c54058e97617bbfbb8cd8424e","condition","Concept"
"a768e9c505e747549e956209bcb407f1db81bfc1e004a370d6a10216390d25ba","enhancement","Concept"
"b6ebdf7b146e60d9cf8dd54a2ffc891cc6ebb52fe47d2503b417d93845b97320","differentiation","Concept"
"cb55d0df6b735ef61b097678f6bd73019504c58749267e7ed9ad280116765c68","recognition","Concept"
"94bc1e19345916d7d9206b46625771e957699f52c12358f19cb4612b60f38b16","language","Concept"
"f4d736a1033294fdc777ac7c6b266087be2cf76cbdf23d8043246afeda89a5fe","mitigation","Concept"
"05651bb059db790e5b1e94927929fc314b58ec53d510100ab8b4998627cd3a1c","benchmarks","Concept"
"9a1f7e0b3be247269ea615e693ddc26bc805969df819d08670c2a50b5604f081","discipline","Concept"
"853a8646c73ecde294e61ee4e8ab3fb62675200d540ec79bfbc18387f14b1069","description","Concept"
"e0db6aabf3e9e80747ecb283b09329de39d6839d64e67b60c806e963544178ce","framework","Concept"
"f005e8ff431c026139fc489f9652246aee4fa45c9d87e8b3d64a462973141303","environmental management","Concept"
"0226f38084ba44e37e854b5ec60c7e3c62fd55ec1096108312052f6a14de56df","operations","Concept"
"34f5ed8070d8e9dde1698898fe92ffd205e7f65485f6170f20769b9d1305ed9f","promise","Concept"
"54149785623d37d46a6091f444b76a89d0a89d07c6c916ba5430df48de8e4550","partition","Concept"
"30023d903c63f4d0b21290abdbf816db3302ccb9a7520cb737c4aacbdda54b22","accomplish","Concept"
"dfcf9c31322687985ef3150efeab8bdd6f1fbd46f1d2ea0125521998a020671f","disclosure","Concept"
"5daf0bc1ad7c5fa08699ba20e639410cfd3335ef7aa1ff527d6bc01fbd4d2148","accreditation","Concept"
"eadffc4f8e31e28c2cdfcd37fca0eea738acfc5698e4114b73cee8063c349be1","incentives","Concept"
"514a0af780f44579ba9be62c885a920185cf86776171d404b2074542efd89aa7","adaptability","Concept"
"3ab0e8711e24857a74481791db9f7d49556702fdf52e14aa588a45e96a44d838","external entity","Concept"
"53282144ef7426e1514a47c86696c023e3ade0571805234c083b343ba2edf8b9","environmental strategy","Concept"
"c8549c2a356f0319e54342a188f816c47e187f15d94d896e09ed0ef8689f60b7","transparency","Concept"
"d23aede9b8fc4a025ff72431e16aff32c761327adea47a23fb60995520133ffd","window","Concept"
"5cb2e49536d3aedab904e306f53dc0794d75d80b3b6b67a85dbd5d3714f59077","upkeep","Concept"
"1653ac739f5afc3c92076fdef200f925927e64858c22ea03cb7631d878024910","files","Concept"
"7101b8089f378b0958feed40542c2545d4e9c5e873d97abf0f8480392081d777","innovations","Concept"
"f26f17bbc1afa5e4b68e2f6d368892edaea1686e274c1041c6469913c0c9e21b","categories","Concept"
"be23cd3ec3767aef9b72d9cde963fc4a615d84d93aba9ea45948edb09126c297","content","Concept"
"0d2278a7edced612a25330e560b705b4793adeb90640bb4e548007a816e064a2","demonstration","Concept"
"e8289c0ca8f40177dd860b6bc7635be1483d86f261dad35b4e1eaaf696fb0655","period","Concept"
"f438977ae24c93f202c1aacf71cfda1a5cc55e850f0d6b787d25102937d61479","percentage","Concept"
"00fcab9361022a9ed7a9e44d25b2250131a05c056918bed678fc0d9c42f7b9b5","file","Concept"
"b9b4ebd69cc51532bd3fa4918b9699ad9eb4501e0d1c5a1a1935dafc3680b432","nature","Concept"
"0b7db2ee8ad7178571e7e24a8e8b6883b5a2eaba203b2cd959b04cb6b66edb6e","consequences","Concept"
"548672a018fa96696fd0b32504ccab73c8aa5b9323b26d61df8cf52319094d69","effects","Concept"
"7bbe9da64eafe9e1e9b9350fdcb7004887e2c80474fd03aa1468b1103e8424f7","tool","Concept"
"22a7fba56a66f601ddb6b38ad669731b880558ea9400fe06fef7eae5934eda68","technology adoption","Concept"
"5a42584f38997e32a92031a7e4a24cc2d655e65600a1be1a88b3d1ee93367caf","guidance","Concept"
"8bbb351d1821623e912d50ff701cdb51305c76b003b6c0917f882b7b09ac03d9","vitality","Concept"
"d830cb34b98e385753d227580ae6df2b5a2fbb7fb9826400a34d5b05591e341b","endurance","Concept"
"fbf12f3908e4cc20411ff1cffbf9e29f2a42a247867d78f333c7f7695674e946","documentation","Concept"
"460b82f6fd14036592410db486d311e4275fae23d9ab4215c75c083d434badfe","feedback","Concept"
"4571faab4338f717501abab5c86b6ffd73a9e1f665840a342d58e8dbdeb2ac95","process","Concept"
"12586119fc736b94d85f1411b3bade8be83325eab1d1e1f7ea01eed437719aaa","certification body","Concept"
"79e5686c6a5a7090de1b6da71c860d8a5de33e5375d9bc36ac11326343746b01","boundary","Concept"
"ce1c5af2148b6c2b2a33548bc12aa72261bd57a7e07299b1557462f781160dae","product reliability","Concept"
"ce1bcf7dce13915aecbd6e834bc2b0f5ab40a93824dc47e5771566985027f018","staff","Concept"
"dab23f2e4be03aa59966d4a221788a82268e96a9556fb841bd718b6d78335fe0","policies","Concept"
"15fc30f17d011422a412c51e2a3710b4d08979c9aa123246ff82078041b71cd8","mediator","Concept"
"ab2bf0bd01dcc28648b33fb080484ec95ef423d12a1b5db3315e20921e63b465","personnel","Concept"
"f743595f4431a3252f939eb48daffbbd8c91ce507b7b8bd33eed3d68c05939c4","representatives","Concept"
"7521d4ab1f33d76ae8983f3f51c81f0c0fd3d2f49aad99a83b77732a13451169","pollutant","Concept"
"84c53ceb02c80d2d518a5bb2a3237e184a88815bd998ba2b87c3c75bd8ce2bfc","participants","Concept"
"ff6f558ea77d63d5287518dddb39a11af94f2f69aafad690d733bf8920d3b002","warranty","Concept"
"3aef5e8cb218cd8149d031dd5f0e72352d880c0c620f95bc390600f8d3ee9932","authority","Concept"
"0f1e93e5393171eb4db858c86fdfc7fdbd878e69815f0f2cdda67d69cb2e17eb","health","Concept"
"7fb95e230af195f019bcf3e1f0f8c822442257ba7f592c9a196008e7abb4a45a","harm","Concept"
"912d893f3ae1547a25d06b2c256ee2f9532ea25538f36bb5bda620be8c021dc9","reporting","Concept"
"76a345f8470c2f015fa1a30a5976a1871c0e5732c652a3183589eec6b905e063","confirmation","Concept"
"840eb663d532390982b38602a348b2005d62438a41b7e98fd96ba477ebf844d9","aims","Concept"
"e35a7d7eb29182185a381d527038e361a2475315d177d0dd24cef786c1b836f8","emission","Concept"
"2e438e94e960f28cb1b7051048d75a97cddb6b35e0dd9ae55dd3365fd55c8ecf","online presence","Concept"
"359cfac841888fbcc6dbef8832944ed6e8c78eaba47eff2854c7607f91d4f47d","identifiers","Concept"
"2cb0b4f588176924f18e38d6b9720e41caab06c01b0cdf9d069af7d4c19a7859","dividers","Concept"
"aae4f8d2701d28de0d06d0ffb732da90bbef62f32390ee35b382859425bda55e","deliver","Concept"
"73d96bc6eaa872752a0e3f62a80385343bb121992e39e10ce274642f22699b49","building materials","Concept"
"1cdb211cba8a8c0c6ed0a9bc463f5dad39276fe1869752e9dfda55b64ebe007c","construction stage","Concept"
"367c6e4371547f114d0fd4c19ba3775d04de440bc53f43b89b267cb0dd80bb34","expression","Concept"
"9efac7eaf026fc74023abc97196d8f0db5750b96bc5f37a3eaa4595aa646e88f","proof","Concept"
"534b4d2518227e012da93b04b74d74c4bb437a1f842c4557ccdba735cf2a089d","initiative","Concept"
"f462d4ec5ca31fc79a1e3931117f447fb5e3c974b6b03cf544c4b501ee0ae28f","biodegradable","Concept"
"5d1260e232c760b207a205f3b3b4f43d5e36e7953c2f4626d8d0da360abebdb2","hazards","Concept"
"774ea1f02ebdbea3d8e825b393a25f7e225902c905e9666a8b87f81b3c0844aa","statement","Concept"
"f42dd109fc8569142bb11c7e941ae8b3b2d9f6d7d6d5f82f97ab77256db8e7d5","reward system","Concept"
"64bdec5233149efa5286b912f5bac40e6e3159e6edac7a548991465b8b3c9cbc","material regulation","Concept"
"a4c86e172162e24bd229adfca0bd3e819948e83ae69672889c6db6224c45f1eb","version","Concept"
"4dd2fd72a866d03945de8f03dc9cc193ac370e6b0a4b5d8d490bc0bc695e6dce","eco-label","Concept"
"cf1ac02fc1dbc5b8cb2b25553aa43e6d76e05a6087a955a313e12416024f9969","container","Concept"
"d95bf4470024539f6d91fc38eadfa657d602bbf992a25986f2f9e87d8e056ea8","presentation","Concept"
"dfaf9d6a32eae21a8a2fb11fe5f7a38fa9acebed851215070d417eea15dec740","plastics","Concept"
"6044c4307b4f784c3e5d459ecc2f90dcb68bffe00b1a747503af3d36f0d6f401","eco-friendly","Concept"
"13a034b9c0c50df9677eb44a9e280183e42c54221be0f19b16a1362a0447d9c3","classification","Concept"
"a2410035c650e7bcfa3917f9627665c6f94f6fa96d5c9890feba6f8dda8691da","separators","Concept"
"7ad5f659d0d4cc6b05f222b2b29304f20747d3d71a7d9d8d297471b39b433a7b","building operation","Concept"
"b8a804e0abc179378d69d0195a45b8209c658d748f89e8b62011db3015a7fb3a","purposes","Concept"
"c6e545ee3b0db96732d419b72af00144bec22f0cceacf7e852915d313f8e766a","obligation","Concept"
"85ccfa41c240b507949718a13255664b36ca6640113c32ebb20ee7123ff3bb70","masonry","Concept"
"0363c4dd82f8842cd2dbb254ea1c68c537eeca63ee00cdd7bd41d1a12add5ee2","regulation","Concept"
"91469aa45b1c7052f8ee31bde293564f85c600671c8de26d93d6aa7e8932e8cc","minimalism","Concept"
"e4998139b14e4728487b5b83bbeb0071e44248bdcf6b2d4e2bac3d05afc33b5f","challenge","Concept"
"bf3b3f94b1313b9aee6bc7649010a2ac9185e84fcc47377483d5dcede5b7f928","conformity","Concept"
"390ab86bdf6ce855d4f17951e9f343930989e62575b085c5bc4dfc14422a99d7","award","Concept"
"2fc3975bed6fbc0ffea13d24cd9b43f514068f3d5458bb1068e56e5de7b319ef","flame retardant","Concept"
"2ff5fa6799765cbe391396edea6edf6ce519d37d52a4974d3920c1fb0a46abda","agencies","Concept"
"0e3ac9892b36c0b0912c5a6f2a9465012fb182cd013234f667f1361616c77905","technique","Concept"
"47a475fb40d572c4c569e7a6660e93a345102f7b0a65558815dbae72dbf2c1ff","engineers","Concept"
"6d11d6a017ab05464f96681e4b9c0be043eea156bc355b8ad88b0a262339bbad","health institution","Concept"
"815151a3d50f9526b8f0a58b91d37fb9d1fd15c0209d62a706569c9ebd28ff5c","instructions","Concept"
"b25441673a2dd862ac979a928444a4a5bdf52b1caf83762f5220d1c3ab59a209","alloy","Concept"
"6b7301a82c7fc9555b7f1d2240a082954c9e4f8aa27cb0af5ba13907d0347b26","deficit","Concept"
"010d155f39b32dcdc1d17afcb7ee69c43f1ebbb9882e83953db3ef6744b370b3","safety data sheet","Concept"
"97c576ae1a5c09359a9dc899a264fa5d0b6c3b0a33d478988f3dcddf452aaa25","advancement","Concept"
"ec9f817116feb1beb2c86ad8c77c0bcd11f1cafdbc9d474aa36724a55618b30f","features","Concept"
"4acae2bf056f721be2e6facdb40974a143ab16bf16ca221a03e643f12e5ec9f4","building standards","Concept"
"c81b38ec139ef801ed71d7ae899bf947de8fbf40d439afc43a45b67ff88c1444","limit","Concept"
"21479ea44045ba80662adce55d2ed6ffa6e94d53c3b1e4e0a7ce7c4cbc5ad2cb","consortium","Concept"
"0cdcf5ac0638a37142fe27b01d4345b549cd0bd030f0d9309867da5cb2972cad","corporation","Concept"
"aa4a00fab8b1ca04fba070adfdb046f980e9808b9a84393fdde781794b2b9d07","proposal","Concept"
"f29e5b1a7031358f81c01261bacbe89f17484bd1f533c5e93aa76157c965efcb","obsolescence","Concept"
"6cbfc16e3fc78fa621c0629ec85d44b88a3149135ea4a489115a5d2696e559ba","contract","Concept"
"701177c7f3b15b8103e22cd748588d4eba6028bd88f6d1ed7e4bec99d9ecf663","submissions","Concept"
"24edab09a65e492411e61f5db348b7a5b2f2e7a775b799ea06a01249f4bd537a","current","Concept"
"5e26084b84a335ba55fc72dc2551effaa8c212069ea4fa45e79bde8daa3e343c","review","Concept"
"9eb091de71d0f57326a0d033c2abfca21ff09021da54c1c15c521f1956f0b9c9","score","Concept"
"60fdb91e11cb44f748b0bb77877fec63c4ee5192b812093d3254a8d08ef31a33","thermal gain","Concept"
"1bc15964c6ef485bae567cb80fce95531d8576aebe9ad8d6fb600e1e073bea53","finish","Concept"
"9b53cd635e1aeef1750dce5243640fab1cb89e877620ab4f986d732bb49c7086","future","Concept"
"a711de2508d8995077361d5dd72130678e90abd623b8f47809c61591f21177ff","blueprint","Concept"
"9db290fa1bfd4ea91ea41a0f3258a3ca3ede09f48e17aee3a768519e7e1f3eb3","portal","Concept"
"fc52701451b1256c25a2c25fa1ac0b79da0cb5a0bde171b7e4c418931ac3ccf2","thermodynamics","Concept"
"6f9b2f221161b0623bc17fdac586da5f225af8da706b4a76eb666bd77a88b44a","cancer prevention","Concept"
"d1845ab9cecc19befa1ba15868a04b64e641e13246b742b727db067aa0d1d700","accuracy","Concept"
"e423a2423b85764bf8a0454ab1212ec721b6f5ee7e36e7c1f04311ed19a24cad","agents","Concept"
"65bed9c8f4612093b93ce27c793d8159cf98059155751457f9f538068b3d4b31","grouping","Concept"
"5a202011f20676b1099035e7d008324293a53d133dde129025cf9cf8b978d7d1","environmentalism","Concept"
"6528df1416f5bc7b84127b263f4e3ae4f8be44e4ea6fe12b1bfc38e1f7c831a0","light","Concept"
"c632ae80cfc4606d8a3521bf71c7e008bac723bd2164a869e55615c391297548","objectives","Concept"
"65466f692605ba8602699e7ffb771e5bff7f137973f04f445bc08e3d510ca1a2","routine","Concept"
"aba9e9868d1f1c92e35fb67655b16f7c1f0d7662ae246db57902ce1110970c9e","record","Concept"
"113732d93c74d57ef4faa78449e526c991965d2eb67e292c700b4af4b08db6aa","tools","Concept"
"e8ac1af810c5ff574ee710ea818d589e44e6a241985792d8bb31b326aba10471","impartiality","Concept"
"12a550d2ef18df3dc4cc17d5c2229fe0ed824c257f65ae9ec71d41a92889e4ba","eco-labeling","Concept"
"028afc1a04665e04658cdf3e625ed2046330baea72979cf080682ce568874a6c","vista","Concept"
"da7de9473012b6d7b993222683fcb51c7b2c8e705f7a94e3b067cb475260718c","agreement","Concept"
"7fc5c241b79f7a9556f11e20137487d5ce67d3761b84a15b5fc419f57e4dc621","recycling","Concept"
"c513bf80291f0a303e1e47a24fce397fd53a6801beeec3642676f03391dcca91","audience","Concept"
"a1ac74ed72980bd33270d44025a5b5430c1d119ff5a26cf778d26976e794e7c5","excellence","Concept"
"117445d535fba768094091aa34514304f539f5927c3e275e5bfbeaf0ea79111c","quality","Concept"
"df63a001f187befe4fe588234e5ce7bb6fa15ffdb3f1a55997d5acdcf889b0bb","environmental concern","Concept"
"b7c015c8f3954007833c0f6ec88b48607825c39aa0dda4c1be899b964f98ae4a","edifice","Concept"
"37b92f11b5225d5d41ec0c4fb81ad4c93b3b08f4f8f45a34ce204dabe06ec43b","boundaries","Concept"
"258a899ea9b2725993fc52b848b247f9dec4fd1d15ec9ddb6ef31cd3e3b2648a","ratio","Concept"
"09f006a32437fce1bbf7d53a50854e68a54137205467d174d414f4dd747aa59d","ownership","Concept"
"872b67d8d9fc21dee7c816f8e5fe5eda8e6e621fabca30e1796243dc2a0c0e22","program","Concept"
"21a7ba20a9a5faa03e606438bdfb80edf9c700dcac19b7ee78b00857e64ec4d5","structures","Concept"
"f90f38ff363468e97ff2ceccb701ec26ee95b6b188091fbcd868efb15028d5ee","stakeholders","Concept"
"351f4c4ee5c6fd4e71f6402905945278391390af807691f390bd3ce1a33c31e1","value","Concept"
"d280a6e21178ce3e4ee1f9bbfafcca46b0406e50521d72ac084e60978558e0da","categorization","Concept"
"00ac04aa45ebca8ac0ca3d346b16c79bec24a76966a03d5d4798ea37a96de387","protection","Concept"
"8cbfebfa699ba5216fe74424ad6fcfd1450ecbef971b5987a6e45663ccad86d7","security","Concept"
"bbedb294e90dcb6856cf8bb038c184c5a313fd06587a790f52454e1df26ccaa4","carcinogens","Concept"
"186f9c6a6751c47fad95c1d897f22cab35a740e59288f3b875e36e0c8e59d64e","cancer research","Concept"
"67a544426ad7708ba294b638fe1ab5855eb3de1a04c6b8bc3784ecbeb34e909f","window space","Concept"
"fd939c403c08c35faf352aa55fd42d1c44968e0ebf5e7974fa6d0a3068b25069","publication","Concept"
"4f66e9989a536412978c1ac7f402b22bc87c717969aa896f23713be93024762a","action","Concept"
"82d3e23d4987aae6241f583992262f081d3d40b84870bee669fb6fa0f5877fe3","industry body","Concept"
"9c11d76966fc69b38afa9f9b730dcf40bc87a914df2e8327e728298e7b722f32","partners","Concept"
"142257d19d68e5c426b81db4db8456293b116ac488a302a371313d5f2cb528d3","physics","Concept"
"7d3382a4999d702ef57c0d31b96afc55e9c1237e6e08848f0678e553487ae4e7","setup","Concept"
"aac8de1569171e163039f2efd1a6f324113afe7eac123efd4b07eca4dd8807e7","tone","Concept"
"af8ea05e0db7511525c663a46a8d7f3d6c122e6735620799e5d0e0879197c3e0","people","Concept"
"68a5977054948d5223c94ae49537210b3cfb42b7ea24fd77fa4537bad797ffce","milestone","Concept"
"d1da95f493c4833b8bad62edfd158fdef05c9af86b20c0362bccb29083aa9a4d","experts","Concept"
"27611255c42331ec808ab4c89443b6a1bb9bcc0aaeeef6584e167ffdf0af8a35","type","Concept"
"e1cf82c5bada6ee9046a116dd1f21fd30aec83f14f34a693dd6ca7eae62e0256","area","Concept"
"08d2d020cbf226a7df38e6050984695aeb8406cc6cebebb441c90dbd7257e4a6","scheme","Concept"
"fae36c3af281215273c070541f14d8f0494a102f9c3a7ea5e22cca04cd16e891","ecosystem","Concept"
"d83fdd35f511c9b43809e302235a81efb836766a0204d4d25efa7ef44d5a3b14","assurance","Concept"
"685a16a3f8f51d8eb5cf3e953cf2455517b9e5a1106fd4812d4e036ca9875078","climate change factor","Concept"
"fe2884630021532b24e383049d6a72d2adddfa837f1a9518212a9b74773506a1","standard","Concept"
"b35e8d561db50ebd61b37db34a0a22c3331de59173abe80ea8d5290184920227","modification","Concept"
"7a7ae7f7088c95adb4f566d66b23d1cf43fd04ad29d1e360b762b00e01d3edb0","filings","Concept"
"3718a687987b57a457de0212484374dbf223f9910e9d4f0f2e3c6a2d5af7e9da","coating","Concept"
"d99c0fc387cd9d2131f3200bbe9cbc56988b9ef3cef36485fe640405eed84596","metals","Concept"
"7309286d3814db9e56a7b1b158d193d1badadd3308775a717366bc58e111ae0a","emissions","Concept"
"6763b1e6f7d3f0c97cce66377d3dd2ec1d15af08324db37ac218a9b259d4aa58","interference","Concept"
"9dba72ec51c28bfefb94c1ccb0620cd653ae5aa2d181a4d4228c909befba98ff","declaration","Concept"
"39a87a9ee444db545bf6c6a66c55e4894216e66db73ce46fc853fc621f418ceb","reflection","Concept"
"5ff813d558f4193a2a3bccd0b4c12fa7c25e1531840be2d5d26896b22d50067a","well-being","Concept"
"dddab9848e253e738083efb92032a2dd521d7dd181d467e6238defccdc28a45c","insulation","Concept"
"d2af1643975e13d2b2388ddb154189ff97b486e9a8bc7b296b73cd892ff6f4c0","preference","Concept"
"104c99d9a7ec9565f4cdd62e7f41f046759bae714dc089aac8e11439dab634c9","architects","Concept"
"f1203a68f786c359b427f629dd9e9f0cb5fba88e8296b3d92383e5ac944d0fb2","awareness","Concept"
"f2fc9b44617c427cbdebc5bcd917a3b5c4b92e5fa29c489220ca6d0739e29249","evaluation","Concept"
"2f23f832a838473227f9c767fbb127291d45e0c0a65ef531f5dd36cda7ea0554","examinations","Concept"
"6985288575ac12dc3fd93e1e4f68c41957a1c4edaf01221adfb95fca4f35e61f","pollution","Concept"
"f42fe71e826dbe4a7670c45d9d70062ee38f069a0ef63da9cadd3e5d6a661aad","clients","Concept"
"90f156d5704680a1fa646b89811e35c56a14aa8ce379385510696d25c70d29e0","components","Concept"
"8afeedc27ecd77356105659ac8828b1a0e5a738ea37097aca6ccb375df4eb1f6","contractor","Concept"
"247182cd8fbc0ce1082fd5eb8db002966a2b4a02955ff2716039f5ea1c8567e1","solution","Concept"
"249419b8ef5eba23ed3306717df270fb92ce6c1c4bef130a48e7ef9d9f81c448","material","Concept"
"5f31ea758f2b980820c267cf507d9fc54d4561599ce8eeafc34a5407491f8ee0","energy","Concept"
"f57d84c08e92de7b3adba42739d052f9e5e6b91382a0e65ea47f97706ceb76fe","materials","Concept"
"93f29200c978c4edcfeb66159fdf9d3cfcd466a53af85ac5db1076f3ea2c664d","depletion","Concept"
"201ca4d5d80d00e7e1856fbab90a0d9b5aaa6cd3e2204c2a07fd2910d3349d16","council","Concept"
"6cffce8e22f4f081365768ceb83c6e0adfa99a243a0343f2dc51140e152139d6","group","Concept"
